,title,category
0,수렁에 빠진 러시아  푸틴 핵무기 카드 꺼낼까 외신  불가능한 일 아냐 ,World
1, 우크라 침공  러  핵무기 쓸까  가능성 작지만 불가능한 건 아냐 ,World
2, 특파원 리포트  엔화는 어쩌다 싸구려가 됐나,World
3, 중국 제로 코로나 정책 지속 불가능 출구 마련해야  FT,World
4, 자막뉴스  평화협상 급물살 푸틴 젤렌스키 정상회담 성사 가능성,World
5, World Now  우크라 전쟁은 어떻게 끝날까  예측가능한  가지 시나리오는 ,World
6, 영상  푸틴  아들 뻘 젤렌스키 처음 만났던 순간,World
7,호주 동부   기록적 폭우 로 한 달만에 또  홍수  수천명 대피,World
8,러시아 신흥 재벌 도피처로 떠오르는  두바이 ,World
9,러시아 재벌 아브라모비치는 푸틴 비밀 특사 ,World
10,그린피스  비트코인 채굴방식 바꿔라    억원 광고 캠페인,World
11,북중러 위협에    핵무기 단일목적  정책 포기했다,World
12, 줌인  미 중 러 구애 한몸에 받는  약한 고리  인도,World
13,전 프랑스 외교차관  푸틴 안 미쳤다 ,World
14,러시아  키이우 인근 군 축소  밝혔지만   시간 벌기  불신 팽배,World
15, 푸틴  최빈국 아이들 음식도 빼앗는 격 세계 식량 안보 위협 ,World
16, 외안구단     두려울 게 없다   제재 안 돼  중 러  같은 듯 다른 뒷배,World
17,트럼프  푸틴에게  바이든 아들 불법 자금 정보 공개해달라 ,World
18,평화협상 급물살 푸틴 젤렌스키 정상회담 성사 가능성,World
19,마리우폴 지키는  아조우 연대  둘러싼 논란들,World
20,수렁에 빠진 러시아  푸틴 핵무기 카드 꺼낼까 외신  불가능한 일 아냐 ,World
21, 우크라 침공  러  핵무기 쓸까  가능성 작지만 불가능한 건 아냐 ,World
22, 전투태세 엉망  독일     조원으로   재무장한다는데 ,World
23,우크라 퍼스트레이디 러 저격 위협에도  남편 곁에 남겠다 ,World
24,미국 계속되는 중국 압박 전문가들  관계개선 의지 없는듯 ,World
25, 푸틴 지지 재벌 압박      일부터 러시아에 사치품 수출금지,World
26, 영상  러 핵전쟁 대비   푸틴 등 수뇌부  이미 핵벙커 은신   나우 어스 ,World
27,중국  대만 당국  레드라인 넘지말라 단호히 대응 ,World
28, 속보    코로나 신규 확진자     명대 돌파  우한 사태  이후 최악,World
29, 우크라 침공 Q A   희미한 희망  비친  차 평화협상,World
30,사우디 UAE  OPEC 서 러시아 퇴출 없다 정치화 마 ,World
31,미국 전자전기  그라울러   대 독일 배치   나토 동부 방어 강화키로,World
32,미국도 스텔스오미크론이 우세종   세 이상  번째 부스터샷 허가,World
33,미국  만   세 이상 코로나   백신  차 접종 시작,World
34, 테슬라 주식 액면분할 전기차 거품 더욱 증폭시킬뿐 ,World
35, 루블화 아니면 끝  D   러시아  정말 유럽 가스공급 끊을까,World
36,트럼프  푸틴에 또 SOS  바이든 아들 비리 공개해달라 ,World
37, 영상  러 우크라 협상장에 등장한 아브라모비치 푸틴 비밀 특사   나우 어스 ,World
38,  오미크론 위기     만명 사망할지도    코로나 제로  정책 고집 의문,World
39,  유럽사령관  러 군사력 과대평가  우크라 과소평가 인정 정보수집 부족 ,World
40,수요 폭발 vs 테슬라 액면분할 버블만 키워 전기차주 살까 말까,World
41,대양 해군 건설 위해 영향력 확대에 나서는 중국,World
42,휘발윳값 급등하자 구글서 전기차 검색 사상최고  수요 폭발 ,World
43,오늘 미국 대선 열린다면  트럼프가 바이든에 승리 ,World
44, 미국  중국과 관계 개선 의지 없다  중국 전문가 쓴소리,World
45,별명  강의 괴물    kg 괴생명체   명 사투 끝에 잡았다 뭐길래,World
46,인도  중국 밀어내고 스리랑카서  전략 풍력단지  건설키로,World
47,러 에너지 의존도 높은 유럽   LNG 공급에 해방될까,World
48, 안 유명하면 좀 어떤가     인플레 물류난에   소비자 충성도  흔들 ,World
49,미 FDA    세 이상 화이자 모더나  차접종 승인,World
50, 닥치고 꺼져라  한마디에 훈장 받은 우크라이나 병사,World
51, 미군  폴란드서 우크라  훈련 도와  바이든 또 실언 ,World
52,우크라  전쟁 자금 마련 위해 NFT   개 판매 개당    달러 넘어,World
53,푸틴 싫어 난민촌에 간 수십만 러시아인들  지원은  사각지대 ,World
54,조국 지키다 별 된 우크라 킥복싱 세계챔피언 코치  꼭 복수 ,World
55,미   키이우 작전 대폭 감소  불신  러시아 주장 속아선 안 돼 ,World
56, 영상  미콜라이우 주 청사에 미사일 고려인  세 비탈리 김 주지사는 ,World
57,우크라 저항의 핵심 아조우연대 일각선  나치 추종  비난도,World
58, 이제는 힐링할 때  윌 스미스 폭행 이후 처음으로 입 연 아내,World
59, 월드리포트  러시아의 침공이 불러온 세계 식량 시장  빨간불 ,World
60,윌 스미스에 뺨맞자 티켓값   배 뛰었다 크리스 록 공연 대박,World
61, 엔  악순환  우려  정부    년만에 외환시장 개입하나  정영효의 일본산업 분석 ,World
62,우크라이나 중립국화 제안  침공당하면 미 중 등 자동 개입 ,World
63,미국  자국 콘텐츠     이상 포함된 품목 러 수출 제한,World
64,머스크는  언론플레이 천재    부정적 뉴스 쉽게 덮어 ,World
65, 우크라 침공  협상장에 등장한 아브라모비치 푸틴 비밀 특사 ,World
66,러시아 투항 요구에  꺼져라  맞선 우크라 병사  정부 훈장 받았다,World
67, 우크라 침공  인도  우리 편  만들자 미 러 앞다퉈 고위급 파견,World
68,바이든  지켜볼 것  서방  러시아 제재 지속,World
69, 군사작전 축소  러  키이우서 병력 이동  미  철수 아닌 재배치일 뿐 ,World
70, 우크라 침공  전쟁은 어떻게 끝날까  개 시나리오,World
71,협상 나선 러  조기 휴전 의도 있나  병력 재편 시간 벌기  무게,World
72, 코로나 초기  소방수  맡았던 시진핑 측근 의외의 퇴임,World
73,  연금생활자     엔 지원금 정책 철회    선거용 퍼주기 정책  비판에 백기,World
74,러  자국군 포로 학대 의혹 영상에 유럽 비난  왜 침묵하나 ,World
75,미국 기업 사상최대 자사주 매입 행보에 바이든 행정부 제동,World
76,    사태 당시 트럼프 통화 목록  시간 반 공백 다른 폰 사용  누락 ,World
77,젤렌스키 우크라 대통령  러시아 평화협상 긍정적 긴장 늦추지 않을 것 ,World
78,러   활동 대폭 축소  발표에  바이든  말 아닌 행동 볼 것 ,World
79,중국 전문가  미국  중국과 관계 개선 의지 없는 듯 ,World
80,윌 스미스에 뺨맞자 티켓값   배 뛰었다 크리스 록 공연 대박,World
81, 엔  악순환  우려  정부    년만에 외환시장 개입하나  정영효의 일본산업 분석 ,World
82, 러 제재 노력 중국이 와해   과 회담 앞둔 EU  강경기류 ,World
83,비자 마스터카드 사업철수에도   러  국내 신용카드 사용 이상 ,World
84,러 우크라 전술 핵무기 사용 우려 타당한가,World
85, 러  군사활동 축소  못믿어     우크라에  억달러 추가지원,World
86, 러  군사력 상당히 소모  병력 전투기 탱크 전함 잃어,World
87, 첼시 구단주  아브라모비치는 왜 우크라 협상 전면에 나섰나,World
88,러시아  군사작전 축소 밝혔지만  키이우 주변 포격 이어져 ,World
89, 줌인  우크라 으로   년 만에 재개된 군비 확장 경쟁시대,World
90, 돈 버는 게임  엑시 인피니티      억원 암호화폐 해킹당해,World
91, 카드 막혀 요금도 못내  푸틴 재벌 친구들 생활난 호소,World
92,  이어 인도에서 제재 돌파구 찾는 러시아,World
93, 영상  가벼운 훈풍 우크라  중립국 가능  러  군사활동 일부 축소 ,World
94,사우디동맹군  라마단 휴전  선언에 예멘 반군  의미 없어 ,World
95, 권희진의 세계는  우크라이나 침공  러시아는 다시  늪 으로 들어갔나 ,World
96,  년 만에 최저  엔 약세에 일본 내 우려 목소리 커져,World
97,미군  폴란드서 우크라이나군 훈련 지원  무기활용법 교육  직접 훈련 아냐 ,World
98, 미군  폴란드서 우크라군에 무기 사용법 훈련시켜 ,World
99, 디폴트 위기  러  달러화 국채 루블화로 환매 제안,World
100,미국서 오미크론 하위 변이 BA   우세종 됐다,World
101,우크라군 키이우 주변 탈환 시 러시아군 전차 등 다수 빼앗아,World
102,왕이 중국 외교부장  미 겨냥  대러 제재  다른 나라 영향주면 안돼 ,World
103,우크라 공습 여파에 미 러   년 국제우주정거장 파트너십 깨질까,World
104, 코인     억원 털렸다  돈버는 게임  엑시 인피니티  대규모 해킹,World
105, 영상   러 영토 내 무기창고  우크라 미사일에 폭발   나우 어스 ,World
106, 속보  러시아 본토 무기고 폭발  우크라 미사일 공격 추정  영상 ,World
107, 한달 넘게 줄었는데     스텔스 발  차 유행  감염자  배 ,World
108,카드사 철수에도 러시아서 비자 마스터카드 계속 쓴다 ,World
109, 믿을 수 있나  서방  러 협상안 여전히 불신,World
110, 우크라 침공  러시아  달러화 국채 루블화로 환매 제안 디폴트 우려,World
111,   우크라군과 장비 관련 협력  직접 훈련 부인,World
112,쫓겨나는 러시아 외교관들 이번엔 네덜란드 벨기에  개국서 추방,World
113,천정부지 가격 치솟는  초록 황금  아보카도    서   년만에 최고 ,World
114,우크라  러와 협상할 때  아무것도 먹거나 마시지 마라  주의보,World
115,  대선 오늘 실시되면 트럼프   p 차이로 바이든에 승리,World
116, 러군  명  남편 살해 후 아내 번갈아가며 성폭행  우크라 여성 증언,World
117,트럼프   홀인원       사실  성명 발표   자랑은 아니야 ,World
118,골드바 아닌  황금콩  모으기 중국 젊은이들의   금테크 열풍  이유는 ,World
119,  당선인  젤렌스키와 통화   종전 후 이른 시일에 만나자 ,World
120,러     만 병력 장갑차     대 탱크    대 항공기 및 헬기    대 손실,World
121,중국  고체 액체  하이브리드 연료 로켓 첫 발사 성공,World
122,미국    세 이상에  차접종 승인  스텔스 오미크론  우세종 됐다,World
123,EU 러  가스대금 루블 지급 여부로 대치 공급 중단 가능성,World
124,크렘린궁  푸틴 바이든  전 세계 위해서라도 대화 필요 ,World
125, 이 시각  러 우크라 평화협상 급물살  수도 키이우 공격 대폭 축소,World
126, 우크라 침공   믿을 수 있나  서방  러 협상안 여전히 불신,World
127,비자 마스터 철수에도 러 소비자  국내 신용카드 사용 지장    ,World
128, 우크라이나인은 순진하지 않아  젤렌스키  협상 진전 이후 한 말,World
129,우크라 대통령  평화협상 긍정적  경계태세는 늦출 수 없어 ,World
130, 영상  젤렌스키  평화협상 긍정적이나 러 공격 계속 경계태세 제재 계속돼야   나우 어스 ,World
131, 러   나치 라며 남편 총살 후 집단 성폭행    우크라 당국 수사 착수,World
132,우크라이나 참상 생중계하는 위성사진,World
133, 지해범의 차이나워치  시진핑  연임 제동  당 원로들이 나섰다,World
134,러시아  유튜브의 허위 콘텐츠 삭제 거부는 위법 과징금 부과 ,World
135,    러 우크라 침공 지지   최대 경쟁자  시진핑과 대화 앞둔 EU  강경 기류 ,World
136,중동에서 유럽으로 번진  끝없는 전쟁 ,World
137,우크라이나 사태   이제 빨간약의 시간입니다,World
138,푸틴도 막지 못한 트럼프 인기 바이든  노답 ,World
139, 티켓 값   배 상승  크리스록 공연  윌스미스에 뺨 맞은 후 대박,World
140, 남편 죽이고  아들 울고있는 곳 근처에서 강간  러시아군의 만행,World
141,중국  고체 액체  하이브리드 연료 로켓 첫 발사 성공,World
142,우크라 최초 킥복싱 세계 챔피언  마리우폴 지키다 전사,World
143,우크라  러시아에 제안한  새 안전보장  내용 살펴보니,World
144,사우디 UAE  OPEC 에서 러시아 퇴출 어려워 ,World
145,트럼프 깜짝  성명  발표 무슨 내용인가 봤더니,World
146,스텔스 오미크론 감염률  오미크론보다     높아 중증화는 비슷,World
147,  솔로몬제도에 군사기지 건설 추진  태평양 교두보 되나 종합 ,World
148,UN   배고픈 이들의 음식이라도 모아  굶주린 이들에게 전할 수 있으면 ,World
149, 유엔대표  우크라전 관련 무차별제재의 결과를  경고 ,World
150, 정부  이제야  키예프 를  키이우 로 변경   한국보다  개월 늦어,World
151, 자막뉴스  러 우크라 평화협상 급진전   어떤 얘기 오갔나 ,World
152,세계  위 vs   위 군사력은 숫자에 불과했다  여기는 논설실 ,World
153,젤렌스키  러시아 공개 비판  자국 전사자 시신 수습 거부 그들은 동물이 아냐 ,World
154,러 우크라 평화협상 급진전    러  군사활동 줄일 것 ,World
155, 생지옥  마리우폴 고립 주민 위해 목숨 걸고 지원 나선 사람들,World
156,사우디 UAE  러시아 OPEC  퇴출 어렵다 정치화 말아야 ,World
157,게임하면서 돈 번다더니      억 초대형 해킹 사고,World
158, 속보   결코 휴전 약속 아니다  군사재배치 나선 러시아,World
159,중국 솔로몬 제도에 군사기지 건설 추진  호주 깜놀 상보 ,World
160, 리틀 버핏  빌 애크먼  공매도 중단  선언,World
161,윤 당선인  젤렌스키에  종전 후 만나자 ,World
162, 단독  베이징올림픽  한복 공정  와중에 삼성  중국 직원에  한푸  입혔다,World
163, 지켜볼 것    바이든  우크라이나에     억원 추가 지원,World
164,미  러시아가 세계 식량위기 일으켰다   참사 이상의 참사  우려,World
165, 오스카 최악의 장면  윌 스미스 수상 취소되나,World
166,러 우 평화협상 진전 바이든  말이 아닌 행동으로 파단하겠다 ,World
167, 군사활동 축소  발표에 러시아 시민들  항복 받아내라  반발,World
168, Why  서방의 러시아 제재에 캐나다가 웃는 이유,World
169, 국방  군사훈련 아니고 연락  우크라군 훈련 가능성 일축,World
170,푸틴 젤렌스키 드디어 만나나    러  군사 재배치 속임수  경고,World
171, 우크라 침공  중국 외교부장  제재가 제 국에 영향 주면 안돼 ,World
172,  일 거래일 연속 오른 애플      년만에 처음,World
173,프랑스 대선 D    마크롱 선두 극우 르펜 바짝 추격,World
174,젤렌스키  협상 긍정적 신호 있어도 러시아 공격은 없어지지 않아  신중론,World
175,우크라이나전 평화협상 급물살 러  일부 병력 물리겠다 ,World
176, 협상 진전  러 우크라 출구 찾나 젤렌스키  긍정 신호  종합 ,World
177, 티켓값  배 올랐다  윌 스미스에 뺨 맞은 크리스 록  공연  대박 ,World
178,러  키이우포위군 철수 발표   국방부  소규모 재배치일 뿐 ,World
179, 서 오미크론 하위 변이 BA    우세종으로 올라서      ,World
180,미국 FDA    세 이상  차 접종 승인   외부전문가는 불참 ,World
181,오스카상 최초로 취소되나 윌스미스  아내 조롱에 시상자 뺨 때려,World
182,  FDA  화이자 모더나 코로나   백신  차 접종 승인,World
183,애플   아이폰시대    일간 연속 상승   년 만에 최장기 랠리,World
184,우크라  중립국 되겠다  러  군사행동 대폭 줄일 것 ,World
185,러시아 공격 대폭 축소 푸틴 젤렌스키 정상회담 가능성,World
186,미국 장단기 금리역전   바이든에겐 대형 악재,World
187, 푸틴 정권  말 아닌 행동으로 판단  각국 예의주시,World
188, 영상  팔다리 잃고 받은 훈장 굳어 버린 러 군인들,World
189, 러   남편 총살 뒤 번갈아가며 성폭행  피해자 첫 증언 나왔다,World
190,네덜란드 등 유럽  개국  러 외교관 무더기 추방    간첩행위로 추방 ,World
191, 영상  트럼프   홀인원 에 자축 성명까지  난 자화자찬 안 좋아해   나우 어스 ,World
192,미 FDA    세 이상에 화이자 모더나 백신  차 접종 승인,World
193,지금 대선 치르면  트럼프가 바이든에 승리 ,World
194,우크라 미콜라이우 청사 폭격당해   명죽고   명부상,World
195,코로나 감염 후 머리가  멍  부작용일까 ,World
196,뉴욕증시  러 우크라 휴전 기대에 상승 유가는 하락  인더머니 ,World
197, 우크라 침공  미군이 폴란드서 우크라군 훈련     장비교육 차원 협력  종합 ,World
198,   러  군사활동 축소  발표에 신중 바이든  러 행동 지켜볼 것  종합 ,World
199,미국 FDA    세 이상에 백신  차 접종 승인,World
200, 우크라 침공  젤렌스키  평화협상 긍정신호 경계태세는 계속 ,World
201,인도네시아  식용유 파동 에 정치인 말실수까지 원인 알아보니,World
202, 특파원 리포트   대학생은 안되고 강아지는 된다   제로 코로나 속 불만 쌓이는  ,World
203, 오늘 미국 대선 열린다면  승자는  트럼프가 바이든에 승리 ,World
204, 영상  브레이크가 소용없다 눈보라 몰아친     중 추돌,World
205, 톡톡 지구촌   우크라 협상단  중독 의심 중재한 러 재벌도 증상 나타나 ,World
206,젤렌스키   차 회담 긍정적 신호지만 방어 멈추지 않을 것 ,World
207,미 FDA    세 이상에 백신  차 접종 승인,World
208,러   키이우서 후퇴 발표에  군사 재배치  신중론 우세 종합 보 ,World
209,윤 당선자 특별고문의 신박한 김활란 논문  김종성의  히  스토리  ,World
210,러  외채   억 달러어치 루블화로 상환,World
211, 세계 에너지 시장 흐름 못 읽은 푸틴    년 경제성과 물거품 ,World
212, 우크라 침공  논란의 아조우연대 구국의 결사대 vs 나치추종 테러집단,World
213,     세 이상에  차 접종 승인  오미크론 하위 변이가 우세종 ,World
214,바이든  지켜볼 것  미 국방부  철수 아닌 군사 재배치 ,World
215, 차 평화협상 청신호  우크라  중립국 되겠다 ,World
216,러  푸틴 젤렌스키 회동 추진   출구전략 모색 본격화,World
217,   의사당 난입      사태 그날  트럼프   시간 행적  의문 수면 위로,World
218,QE 없었으면   년물 금리      바이백 논쟁에 뒤집힌 월가  김영필의  분 월스트리트 ,World
219,러 탱크 막은 드론부대  이것이 전쟁의 미래  영상 ,World
220, FDA    세  성인   차 부스터샷 접종 권고 ,World
221,인도네시아  식용유 파동 에 정치인 말실수까지 원인 알아보니,World
222, 특파원 리포트   대학생은 안되고 강아지는 된다   제로 코로나 속 불만 쌓이는  ,World
223, 오늘 미국 대선 열린다면  승자는  트럼프가 바이든에 승리 ,World
224, 영상  브레이크가 소용없다 눈보라 몰아친     중 추돌,World
225, 톡톡 지구촌   우크라 협상단  중독 의심 중재한 러 재벌도 증상 나타나 ,World
226,젤렌스키   차 회담 긍정적 신호지만 방어 멈추지 않을 것 ,World
227,마크롱  마리우폴 인도적 지원  제안에 푸틴  생각해보겠다   현단계 지원 어려워 ,World
228,코로나 완치 뒤 머리가  멍   치매환자 뇌세포와 비슷 ,World
229,저가 매수 대거 유입  리비안        폭등 상보 ,World
230,초강력 제재 비웃듯  금으로 버티는 푸틴,World
231,독극물  환경탓   중재 나섰다가 중독 증세 보인 첼시 구단주,World
232,블링컨  모로코서 UAE 실권자 면담 갈등 봉합 시도 종합 ,World
233,러 우크라 평화협상 급진전 키이우 공격 대폭 축소,World
234, 러시아가 군사활동 축소  속지마라  미  의구심 표명,World
235,백악관  러시아에 속아선 안 돼 철수 아니라 재배치 ,World
236,수소경제  우크라 사태에 빨라진다 미 유럽  에너지 탈러시아 ,World
237, 우크라 침공  마크롱 푸틴 통화  마리우폴 인도적 지원 현단계서 어려워 ,World
238,키이우 전투 지속   미  러에 속지 말아야  경고,World
239,   인플레 걱정도 정치화 공화 지지자     vs 민주 지지자    ,World
240,북한  풍계리 핵실험장 복구 정황 상업위성 포착,World
241, 저가 매수   전기차주 테슬라 제외 일제 급등 종합 ,World
242,사우디   아랍에미리트  러시아 OPEC  퇴출 어려워 ,World
243,전략 요충지 마리우폴 끝내 러 수중에  민간인     명 희생,World
244,외교관 무더기 추방에 러  간첩 증거 대라  반발 보복 예고 종합 ,World
245,네덜란드 아일랜드 벨기에 체코  러 외교관 추방  간첩 행위  상보 ,World
246, 우크라 침공   러시아산 수입 끊겼으니  국제사회  대안찾기에 골몰,World
247,바이든  유럽 주요국과 정상통화  러에 계속 대가 매길 것  종합 보 ,World
248,우크라 반군 지도자  도네츠크 전역 장악 후 러 편입 원해 ,World
249,극초음속 미사일 레이저포  신무기 개발 총력,World
250,푸틴  군비 확장  바이든  예산 줄였지만 국방비는    늘렸다,World
251, 첼시 구단주  러 우크라 협상 참여뒤 독극물 증세  수시간 눈멀어 ,World
252,바이든  푸틴 권좌 퇴진 발언 사과 않겠다 ,World
253,상하이 봉쇄에   물동량 세계 위 항구 멈추면 물류대란 ,World
254,바이든  유럽 동맹국들과 통화 종료   러  비용 치러야  입장 재확인 ,World
255,나토   월 일 외무장관 회의 우크라 한국 일본 등 초청 종합 ,World
256,사우디 UAE  러시아 OPEC 플러스 퇴출 어렵다 ,World
257, 우크라 침공  미군이 폴란드서 우크라군 훈련  미군  일부 지원장비 교육 ,World
258,유럽국가들  러시아 외교관 정보요원 추방 이어져 종합 ,World
259, 우크라 침공  사우디 UAE  러시아 OPEC  퇴출 어렵다 정치화 말아야 ,World
260,첼시 구단주  우크라 평화회담 후 독극물 중독 증세,World
261,G   루블화 결제  거부 vs 러  공급 중단  압박  유럽  천연가스 대란 위기,World
262,급물살 탄 휴전협상에 평화  청신호   섣부른 희망 경계 목소리도,World
263,스텔스 오미크론   서 우세종 됐다  차 백신 대상자 확대 상보 ,World
264,바이든  영 프 독 이 정상과  우크라 논의    분 통화 종합 ,World
265,러  군사활동 축소  우  중립국 동의 협상 파란불 종합 보 ,World
266, 우크라 침공  푸틴  젤렌스키 바이든 만나 결자해지할까,World
267,우크라  나토 대신 EU 가입  러  키이우 등서 군사 축소  협상 급물살  종합 ,World
268,우크라  중립국 지위 동의  러시아  건설적 협상 진행 ,World
269, 블링컨  러 우크라  차 협상 결과에 우려 표해,World
270,우크라 세계 킥복싱 챔피언  조국 지키다 별이 되다,World
271,러  우크라 문화유산 파괴  역사지우기  나섰나,World
272,키이우 외곽서 물러나는 러시아군  마리우폴은 장악  차 평화협상  시간 진행,World
273,뉴욕증시  러시아 우크라이나 휴전 가능성으로 상승,World
274,오미크론 절정 도달하니 또 다른 변이  델타크론  우려,World
275,러 우크라 중재 나선 아브라모비치 독극물 테러 ,World
276, 뼛속까지 없애 주마  러  우크라 문화유산까지 파괴,World
277,     조  러 재벌  카드 차단  외식도 못하냐  분통,World
278, 우크라 침공  러 우크라 평화협상 급진전 키이우 공격 대폭 축소 종합 ,World
279,러시아  군사활동 줄일 것 우크라  중립국 비핵화 동의  종합 ,World
280, 골프광  트럼프  홀인원 성명 발표 대선 재도전 앞두고 행운 ,World
281, 서 오미크론 하위변이 BA    우세종으로 올라서      ,World
282,러   미콜라이우 정부청사 포격  명 숨지고   명 부상,World
283,러시아  우크라 동부 분리 전략   철저히 파괴해서 주민 추방,World
284,전쟁 끝나나 러  키이우 군사활동 축소 ,World
285,러 단장  우크라 협상 건설적 중립국화 비핵화 등 제안받아  종합 ,World
286, 은 빼더니      엔  강제 연행  표현 인정,World
287,  검정 교과서 대다수  독도 일본 땅   역사 왜곡 더 심해져,World
288,휴전협상 청신호    러 군사활동 축소 푸틴 젤렌스키 회담 가능성도,World
289, 러 병사들 남편 총 쏴 죽이고 성폭행 했다  우크라 여성 충격 증언,World
290,우크라  차 협상 진전 러  키이우서 군사활동 줄이겠다 ,World
291, 우크라 침공  유엔  민간인  천   명 사망 난민    만명 육박 ,World
292, 러  우크라 비무장화 탈나치화 포기하고 휴전 논의 ,World
293, 우크라 침공  헝   대러 강경  국가들 보이콧에 중유럽 회의 취소,World
294, 강제연행  지우고 독도  일본 땅  강화      교과서 검정 결과 발표,World
295,젤렌스키  마리우폴 거의 파괴 러 강력 제재 촉구 ,World
296,우크라  중립국  제안에 러  군사작전 축소  정상회담도 가능 ,World
297,중  상하이 봉쇄 파장 최소화 안간힘 확산세는 계속,World
298,일론 머스크  키    cm 무게   kg 내년 테슬라 봇 선보인다 ,World
299,  년간 일 안 해도 수백만 달러 벌어  세금 더 내게 해달라는 미 백만장자들,World
300,미콜라이우 주 정부 청사 피격    최소  명 사망 ,World
301,  내년 예산  재정 긴축으로 선회   국방비는 사상최대,World
302,러   미콜라이우 정부청사 포격  명 숨지고   명 부상,World
303,식용유 품귀에 인니     식용유 요리 시연회 까지 열었다,World
304,러  우크라 미콜라이우 주 정부 청사 로켓 공격  최소  명 사망 ,World
305, 러  전쟁 목표 중 하나인 우크라 탈나치화 포기 ,World
306, 우크라 침공  미콜라이우 주 정부 청사 피격  최소  명 사망  종합 ,World
307,터키에서  차 평화회담  최대 목표는 휴전 ,World
308,  명 죽인 러시아  저격수  동료들에 버려졌다 ,World
309,IAEA 사무총장  우크라이나 도착  원전 긴급조치 취해야 ,World
310,브라질 대통령  복부 통증으로 입원 뒤 하루만에 퇴원,World
311,    신형 화성   형 아니라 기존 미사일 발사  왜 영상조작까지 ,World
312,눈보라 휘몰아친  고속도로   대 연쇄추돌 포착 ,World
313,러 의회 인사  가스 대금용 루블화 러 외환시장서 매입 가능 ,World
314,쇼이구 장관   이제 우리 목표는 돈바스의 해방 ,World
315, 억만장자라면 세금 더 내라  코로나 양극화에 대한 미국 해법,World
316,우크라 킥복싱 세계 챔피언  마리우폴 전투 중 사망,World
317,디폴트 우려 벗나 러시아   채권이자  억   만 달러도 지급 ,World
318,독도와 울릉도 사이 국경선 쫙  끝 없는 일 교과서 우경화,World
319,남부도시 마리우폴 함락 러 우크라  차 회담 돌입,World
320,우크라  키이우 외곽도시 이르핀 탈환  나토 포기하고 EU 가입 추진 ,World
321,우크라  러에  새로운 안보 보장 시스템 제안   종합 ,World
322, 속보 전쟁 끝나나 러시아   두 발  양보하고 있다 ,World
323, 폭격 당하면 어떡해  KBS  우크라 의용군 위치 노출 논란,World
324,유럽 가스 수출 막힌 러시아  아시아로 눈 돌리나,World
325,러 국방장관  군사작전 주요 목표는 돈바스 해방 ,World
326, 중 러 협력에도 마지노선 존재  주미  대사 발언 진의 엇갈려,World
327,이스탄불 협상에도 러 국방부  우크라 군사작전 지속  종합 ,World
328, 부상 당하자 날 버렸다  우크라인   명 죽인 여성 저격수 생포,World
329,독일 러시아 침공대비 미사일 방어망 구축   이스라엘 애로우  기반,World
330,러시아 우크라이나  터키서  차 평화협상 시작,World
331,한인 가족 골라 강도살인   대 한국인  베트남서 사형 선고,World
332,윤석열 당선인과 통화한 우크라 대통령  지지해 준    감사 ,World
333, 내 인생의 터닝포인트    세 이혼 올브라이트 장관의 홀로서기 성공 정미경 기자의 글로벌 스포트라이트 ,World
334,골드만삭스  전기차 빅테크 등   대 선호주식 발표,World
335,러시아 스마트폰 업체  구글 대신 화웨이 운영체계 사용하나,World
336,키이우 외곽서 물러나는 러시아군  마리우폴은 장악,World
337, 비디오머그    여 명 모인 드론 특수부대  러시아군 밀어내고 있는 일등 공신은,World
338, 러시아군  체르노빌 헤집어  인접 유럽 지역 방사능 경고,World
339,평화협상단 일부 독극물 중독 의심,World
340,키이우서 러  밀어낸 우크라  통행금지 완화 수업 재개 ,World
341,중동 순방 블링컨  모로코에서 UAE 실권자 면담 갈등 푸나,World
342,세계 킥복싱챔피언  러 침공 방어하다 사망 코치  복수해 줄게 ,World
343,발트  국 러시아  외교관 추방  맞대결 ,World
344, 러시아 목적은 우크라 해방    대학서 줄줄이 이어진  친러시아  강좌,World
345,타스  러  발트  국 외교관 추방  맞대응  ,World
346,   화성   형 폭발때 평양에 파편 비 민간 피해 ,World
347,허리띠 조이는 바이든호  슈퍼부자 주식 평가익에 세금 붙이자 ,World
348,러시아  우크라 동부 분리 전략   철저히 파괴해서 주민 추방,World
349, 당선인  젤렌스키와 통화 젤렌스키  생산적 협력 확신  종합 ,World
350,고립되는 러시아 학계  일상적인 연구조차 어려워졌다 ,World
351, 열심히는 하는데  러 우크라에   번 전화한 마크롱  효과는  글쎄 ,World
352,러  키이우  활동 축소  우크라  새 안보 보장 땐 중립국 수용 ,World
353, 속보  러 신흥 재벌  카드값도 내기 힘든 상황 ,World
354, 사우디  세계의 에너지 안보 더이상 보장 못해  사우디 에너지장관,World
355, 러  키이우 주변 후퇴에도 여전히 상당한 위협   국방부,World
356,대만 관리들    침공시 총통도 젤렌스키처럼 숨지 말아야 ,World
357,평화협상 나선 우크라 러 관리자  독극물 중독 증상,World
358,인도 경찰관  선로 뛰어든   대 소년 구하기 위해 몸 날려,World
359,  바이든 왼손에  커닝 카드  무쓸모  돌발 발언에 치매설 재점화,World
360,난민 꺼리던    전용기로  우크라 피란민  일본 이송 검토,World
361,러  오데사로 넘어가는 남부 미콜라이우에 대형 미사일 날려,World
362,  명 사살한 러시아  저격수 우크라군에  생포 ,World
363,  당국자  러시아 재벌 기업 제재 회피 여부 감시중 ,World
364,세계 챔피언 킥복서도 우크라 방어중 전사 코치  복수해 줄게 ,World
365, 우크라 침공  러 우크라 터키 이스탄불서  차 평화협상 시작 종합 보 ,World
366, 우크라 침공  인도  러시아 원유 이어 해바라기씨유 수입,World
367, 당선인  젤렌스키 우크라이나 대통령과 통화,World
368, 제재 피하자  해외 부동산 사재기하는 러 부자들,World
369,구금일까  대피일까 러시아  우크라인 수천명 행방은,World
370,전쟁에도 뉴스는   시간 계속 우크라 앵커가 TV 지키는 이유,World
371,러시아 우크라이나  터키서  차 평화협상 시작  종합 ,World
372,선로로 뛰어내린 철부지   대   경찰은 몸을 날렸다  영상 ,World
373,우크라군 이르핀 탈환   러군 동부 포격하면서 전열 정비 ,World
374, 영상  중재자로 나선 터키   돈바스 독립  러시아 요구에  비현실적 ,World
375, g  황금콩  재테크 뭐길래 중국   대들 사이서  열풍 ,World
376,미국 경기침체 진입 신호  장단기 국채 금리 또 역전,World
377,싱가포르 오늘부터 야외서 마스크  선택  상당수 그대로 착용 종합 ,World
378,대만총통   민주주의진흥재단 회장 면담 중국 반발 종합 ,World
379,바이든 또 실언   폴란드서 우크라 군 훈련 돕고 있다 ,World
380,유럽  러시아산 에너지 의존 낮추려 탈원전 재검토,World
381,과학계  러시아 보이콧 에 우주 기후연구도 쪼그라든다,World
382,  명 사살한 러시아  저격수 우크라군에  생포 ,World
383,  당국자  러시아 재벌 기업 제재 회피 여부 감시중 ,World
384,세계 챔피언 킥복서도 우크라 방어중 전사 코치  복수해 줄게 ,World
385, 우크라 침공  러 우크라 터키 이스탄불서  차 평화협상 시작 종합 보 ,World
386, 우크라 침공  인도  러시아 원유 이어 해바라기씨유 수입,World
387, 당선인  젤렌스키 우크라이나 대통령과 통화,World
388, 제재 피하자  해외 부동산 사재기하는 러 부자들,World
389,구금일까  대피일까 러시아  우크라인 수천명 행방은,World
390,아내 불륜엔 쿨하더니 농담은 못참아  윌 스미스에    싸늘 ,World
391, 다치니까 버려졌다  우크라   명 죽인 악명의  저격수 생포,World
392, 매달    개씩 산다  중국 젊은이들이 푹 빠진  황금콩 의 정체,World
393, 러시아 대사관 주소가  우크라이나길 이라고요  ,World
394,우크라의 반격  이르핀 등 재탈환 러  마리우폴 점령 집중,World
395,    조 국방예산  준비한    최우선 순위는 중국 방어 ,World
396, 러시아  협상문에서 비무장화 탈나치화 요건도 제외 ,World
397,러   인구   만명 마리우폴 장악   만명 러시아 강제 이주 ,World
398, 측근 비리  페루 대통령 탄핵 모면 취임  개월 만에 두 번째 위기 넘겨,World
399, 매체  코로나 후유증  퇴행성 뇌 질환과 연관성 있어 ,World
400,     억 멕시코 대통령 전용기   파티용  일반인 대여,World
401,칼스버그 하이네켄도 러시아 떠난다  손해 나도 옳은 결정 ,World
402,러시아 우크라이나  터키 이스탄불서  차 평화협상 시작,World
403,이란 핵협상 중단 국면   의 테러 명단서 혁명수비대 삭제 요구 ,World
404, 코로나 바이러스 계속 진화할 것 매년 새로운 변종 ,World
405,오늘의 우크라이나는 내일의 대만  대만 정보당국  현 총통 임기내 침공 없을 것 ,World
406, Pick  지하철역서 한 달째 노숙 지친 우크라 아이들 활짝 웃게 한 정체,World
407, 속보  러 우크라 터키서  차 협상 개시 합의 이뤄낼까,World
408,높아진 기대감    러 우크라   차 평화협상 시작 ,World
409, 세계의 곡창지대  우크라 또 다른 전쟁  농업 농경지 지키기 ,World
410,유럽 가스위기 현실되나 G   가스 루블화 결제 거부 에 러  공급중단 ,World
411,   본토 방어 최대 위협은 중국  역대급 국방예산    조원,World
412, 육군   년 만에 처음    만명 밑돌아  구인난 탓 ,World
413, 우크라 침공   씨 뿌릴 때 됐는데   연료 부족에 멈춰선 우크라 농기계,World
414,중국 젊은이들 사이  g짜리  황금콩  재테크 인기,World
415,팔다리 잃었는데  다시 일어서길  절망의 러시아 훈장,World
416, 우크라 침공에 충격  칼스버그도 하이네켄도 러시아 떠난다,World
417,   전용기로 우크라이나 난민 데려오겠다,World
418, 반도체 부족 아닙니다     공장이 멈춰선 이유,World
419, 젤렌스키 암살단    명 체포   대통령 죽인 후 정부 침투  명령 받아,World
420,킥복싱  세계 챔피언도 결국  마리우폴서 러 에 맞서다 숨져,World
421, 전쟁 발발에도 러 천연가스     우크라 통해 유럽으로 수송  WP,World
422,러시아 우크라이나  터키 이스탄불서  차 평화협상 시작,World
423, 주 만에 다시 휴전 협상 FT  러시아  우크라 비무장화 포기 ,World
424, 수시간 실명  평화협상 참여 러 재벌  독극물 테러 당했나,World
425,한국 택한 우크라 피란민 한달간    명 정부  인도적체류 허용,World
426, 만세   러시아군 밀어낸 국제의용군  키이우 외곽 탈환 주민 환영,World
427,가스 대금 루블화 결제 푸틴 요구에 G   만장일치로 거부,World
428, 마치 자국 땅인양  러  우크라 멜리토폴서 통치 강화,World
429,    조 규모  UAE 아부다비 국부펀드  러 투자 잠정 중단,World
430,우크라  휴전 가시화   러   차 협상서  가지 핵심 요건 뺄 듯 ,World
431,FT  우크라 러  휴전합의에 접근 EU 가입 추진 ,World
432,마크롱  푸틴과   번 통화했지만 외교 성과    ,World
433, 먼지  통이 집 한 채 값이라니  알고 보니   년 전 달에서 왔다,World
434,우크라  키이우 인근 이르핀 수복  남부 마리우폴 사실상 함락 ,World
435,러  우크라 석유저장고 공격에 초점 맞춰,World
436,국방부  북 ICBM 신형  화성     아냐 김정은 그림자 방향도 달라 ,World
437, 우크라 침공   푸틴과   번 통화한 마크롱 끈기는 최고  성과는 글쎄 ,World
438,우크라   드론 으로     늘어섰던 러시아군 막았다,World
439,중국  솔로몬제도와 군사협력 추진 호주 뉴질랜드  화들짝 ,World
440, 비무장화 탈나치화  포기 EU 가입    우크라 러 휴전 돌파구 찾나,World
441,  봉쇄 경제적 피해  매월 최소   조 GDP    잠식 ,World
442, 미국  러시아 재벌 기업 제재 회피 수단 감시 중   FT,World
443, 주 만에 다시 휴전 협상 FT  러시아  우크라 비무장화 포기 ,World
444, 수시간 실명  평화협상 참여 러 재벌  독극물 테러 당했나,World
445,한국 택한 우크라 피란민 한달간    명 정부  인도적체류 허용,World
446,우크라이나 전쟁에 휘말린 프랑스 대선   푸틴 찬양  극우의 운명은 ,World
447, 핵무기 우려 에 크렘린궁  국가 존립 위협 있을 때만 사용 ,World
448, 뉴스외전 포커스  우크라이나 침공 한 달째  신냉전 구도  재편 ,World
449,닐암스트롱이 수집한 최초의 달먼지   경매에 나온다,World
450, 영상  러시아군  우크라 마리우폴 사실상 점령 남은 주민   만명은,World
451,러  우크라  휴전 조건에서  탈나치화  제외키로,World
452,러  스위스 명품 기업 자산 압수 제재  맞불 ,World
453, 회사졸업을 축하합니다   직원     자른  기업의 황당한 해고통지,World
454, 시진핑 장기집권 시대  후계자는       년대생 공산당원  부상 ,World
455, 중국 여객기 추락  승무원들  조난신고 왜 안 했나 탑승자 전원 DNA 신원확인,World
456, 부상당하자 버려졌다     명 사살  러  저격수 우크라군에 생포,World
457, 우크라 침공  러시아  협상에서 뭘 양보할까 기류변화 감지,World
458, 글로벌포커스   러 제재냐 지지냐   의 침묵 언제까지 갈까,World
459, 월드리포트  대륙 울린 참사 현장의 손글씨  행운   안전 기원 ,World
460,  대선  주 앞으로 러 우크라 전쟁 외교 노력 마크롱  파란불 ,World
461,키이우 회담 직후  시력상실  협상단  독극물 중독  ,World
462,대만 지도부  전쟁 나면 젤렌스키처럼 하겠다 ,World
463,페루 대통령 탄핵 모면 취임  개월 만에 두 번째 위기 넘겨,World
464, 제 의 군함도가 돼선 안 돼 협력과 역사전쟁은 별개 ,World
465,러시아 우크라이나 협상 대표 이스탄불 도착,World
466, 우크라 침공  서방 압박에 다급한 중국 우군 모으기 잰걸음,World
467,평화협상단 중독의심 증세   러 강경파  소행 추정,World
468,러  원유 가스 대금 루블화로 지급 요구 G   만장일치 거절 상보 ,World
469,중국 우주비행사  개월 우주생활 마치고 다음달 귀환,World
470,중국 중소기업  서방기업 떠난 러시아서 기회 모색,World
471, 피부 벗겨지고 잠시 눈멀어  러 우크라 협상단  중독 의심 증상,World
472,러  돈바스 집중  이후 전술 바뀌어 러는 좁히고 우크라는 넓히고,World
473,비트코인  연중 최고가  근접   차대전 전에 금 비트 이더 사라 ,World
474, 눈보라에 앞 안보인다    고속도로   중 추돌  최소  명 사망,World
475,젤렌스키 노린 러시아 암살단   명  우크라 경찰에 전원 체포,World
476,테슬라 시총 하루만에    조 늘어 포드시총 보다 많아,World
477, 우크라 마리우폴서   만명 민간인 전원 즉시 철수해야 ,World
478,중국의  아교  사랑에 아프리카 인도 당나귀  급감 ,World
479,미국 법원  트럼프      의회 폭동 당시 중범죄 가능성 있어 ,World
480,테슬라 하루새 시총    조 불어 지금이라도 사야하나 ,World
481, 과소비 표본  멕시코 대통령 전용기  매각 실패 파티용 대여,World
482,  보다 나이 많아 충격    초혼 인구  년새 반토막,World
483,러군  키이우 인근서 퇴각 마리우폴은 사실상 점령,World
484,같은 날 F   A 동원  엘리펀트 워크  훈련한 한미 공군,World
485, 키이우 외곽서 러시아군 몰아내  곧  차 회담,World
486,바이든이 제안한  억만장자세  소득의 개념 바꿀까 ,World
487, 튀김 대신 찜  식탁물가 급등에 세계 식문화도 바뀐다,World
488,러시아 또   국가 존립 위기 때 핵무기 사용 ,World
489,초콜릿 물 먹은뒤 실명 평화회담  키맨  러 재벌  독극물 소동,World
490,인니  식용유 파동 에 집권당  진땀   튀기지 말고 끓여야 ,World
491,크렘린  러  국가 존립 위협 있을 때만 핵무기 사용 ,World
492,러시아군 고전 속 퇴각 정황  차 회담 주목,World
493,터키  러  크름반도 돈바스 분리 독립 요구 비현실적 ,World
494, 으악 내 눈과 피부가   러 우크라 협상단 중독의심 증상,World
495, 우크라 나토 포기 EU 가입 쪽으로 휴전협상 진행중  FT,World
496,러 우크라  오늘 이스탄불서 대면 협상 타결 전망 낮지만  일부 진전 ,World
497,우크라 돕던 첼시 구단주  평화협상 후 독극물 증상  푸틴의 홍차  ,World
498, 푸틴 정적 넴초프  암살 직전 러 정보기관 요원이 근접 미행 ,World
499,영국 국방부  러시아  우크라이나 동부에 와그너그룹 용병     여명 배치 ,World
500, 러 언론 인터뷰  나선 젤렌스키 전쟁 전환점 만들 수 있을까,World
501,젤린스키가 말한 중립화 의미는 법적 구속력 최대 관건,World
502,러 최대 사이버 범죄단  트릭봇  대화 내용   만건 공개,World
503,닐 암스트롱이   년 전 수집한  달 먼지  경매에 나온다,World
504,같은 날 F   A 동원  엘리펀트 워크  훈련한 한미 공군,World
505, 키이우 외곽서 러시아군 몰아내  곧  차 회담,World
506,킥복싱 세계 챔피언  우크라서 전사 마리우폴 결국 러시아 손에,World
507,바이든  푸틴 축출  논란 확산 일로  외교 인프라 망가질 뿐 ,World
508,흑해 연안  기뢰  공포 터키  보스포러스 해협 임시폐쇄 ,World
509,마리우폴 시청에 게양된 친러 반군국기 러군  도시 사실상 장악,World
510, G   루블화 결제 거부땐 가스 중단 ,World
511,G   가스대금 루블화로 못준다   러시아 요구 거부,World
512,쪼들리는 타이항공 돈 되는 건 다  항공기 좌석도 팔아요 ,World
513, 한국  원하는 고려인 많아  지원 필요 ,World
514, 밈 주식  살아나나 게임스톱 열흘간      AMC 하루     폭등,World
515, 어떻게든 지키려 했는데  마리우폴 사실상 러시아 수중에 들어갔다,World
516,갓 출시한 아이폰SE 생산 감축 나선 애플 전쟁 여파 감산 행렬 이어지나,World
517, World Now   남성 공무원 턱수염 의무  과거로 돌아가는 탈레반,World
518,러   우크라 이르핀 탈환  속 진퇴양난 마리우폴은 점령 임박,World
519,노키아  러시아에  민간인 사찰 기술  제공 국제적 비난 직면,World
520,러 우 평화협상 중재자 아브라모비치 고아에서 억만장자로,World
521,러시아  계속되는 마리우폴 압박  민간인 사망     명,World
522, 중러 마지노선  주미  대사 언급에 전문가들도 의견  분분 ,World
523,쪼들리는 타이항공 돈 되는 건 다  항공기 좌석도 팔아요 ,World
524, 푸틴  나토 지원 공급선 타격 못해 한국전쟁 등 역사가 증명 ,World
525,러   제재  복수로 스위스 명품시계 대량 압수  나우 어스 ,World
526,미국 고속도로서   중 추돌  최소  명 사망,World
527, ATM서 돈 못 찾아  러시아 재벌  자산 동결에 경제난 호소,World
528, 중재자  터키   돈바스 독립  러 요구에  비현실적 ,World
529, 홍콩행정장관  중국 국제사회 사이서 방역 딜레마 토로 ,World
530,중국 기업  미국증시 상장 재개되나 증감위  ZKH에  허가 ,World
531,우크라  하르키우 외곽 탈환  최소    명 러시아군 퇴각 ,World
532, 속보   우크라 전쟁 피해액 무려    조 원  러시아 보상 가능할까 ,World
533,러시아  손절  기업    개 돌파 유럽 맥주회사도 떠난다,World
534,상하이 봉쇄에  공급망 경색 우려 심화 충격 더 커지고 있어 ,World
535, 키이우 외곽서 러시아군 몰아내  곧  차 회담,World
536, 우크라 침공   중재자  터키   돈바스 독립  러 요구에  비현실적 ,World
537, 러시아군 체르노빌 헤집어  유럽 지역 방사능 경고,World
538,테슬라  또 주식분할 추진   머스크는 코로나 확진,World
539,우크라  키이우 하르키우 주변 마을 탈환 러  용병 투입 종합 ,World
540, 우크라 러 휴전 합의안 의견 접근  나토 포기하고 EU 가입 추진,World
541,일본  정부 전용기로 우크라 피난민 수용 검토,World
542,러  우크라와 협상 진전 없다 푸틴 젤렌스키 만남 지금은 안 돼 ,World
543,  구인난에 신병 모집 수도 줄였다   병사 수    년 만에 처음으로    만명 이하 ,World
544, 푸틴 권좌에 있으면 안된다는 바이든 발언 결국 실현될 것  WP,World
545, ATM서 돈 찾을 수 없다  자산동결된 러 재벌  생활고 빠져,World
546, 러  우크라 나토 대신 EU 가입 조건으로 휴전 논의  FT,World
547, 국방부  올 업무 최우선 순위는  중국 위협 ,World
548, 푸틴 요리사 출신이 만들었다  전투태세 들어간  비밀병기  정체,World
549,  년 만에 역전된   장단기 금리 경기 침체 신호 ,World
550,우크라이나 저항 상징  성 재블린  한달만에 자선기금   억여원 모여,World
551,   세기 스탈린  푸틴  공포 통치로 최장기 집권 노린다,World
552,영국  러  우크라 동부에 용병  천 명 배치 전투태세 ,World
553,러  마리우폴 사실상 점령   시민  만명 러시아로 강제 이주 ,World
554, 중 러  위협커지는데 미 육군    년만에    만명 이하로 ,World
555, 키이우 외곽서 러시아군 몰아내  곧  차 회담,World
556, 단독    F   A   대 동원한  엘리펀트 워크  훈련 공개,World
557, 러시아  우크라 해방이 목적     대학서 이어지는 수상한 강좌 왜 ,World
558,젤렌스키  활발한 외교전 각국 정상 통화  의회 연설  분주 ,World
559,중국 최신예 대형 구축함 실탄사격 훈련  실전 시나리오 바탕 ,World
560,러시아  우크라  핵무기 사용 이유 아니다 ,World
561,추락하는   엔화   년 만에 최저치 기록,World
562,우크라전에  화웨이 불확실성 가중 멍완저우  대러 제재 평가중 ,World
563,이슬람 질서 구축 고삐죄는 탈레반 공무원에 턱수염 의무화,World
564,러시아  핵은 국가 존립 위기에만 사용  우크라 투입 선 그어,World
565,G   러 천연가스 루블화 결제 만장일치 거부  일방적 계약 위반 ,World
566,주인 못 찾은 멕시코 대통령 전용기  결혼식 생일에 대여 가능 ,World
567,G   루블화 결제 거부  러  공급중단  가스값 재상승,World
568,   러시아  우크라이나 동부에 용병     명 배치 와그너 조직원 동원 ,World
569, 우크라 침공  미  독일에 전자전 공격기  대 보내기로,World
570, 국방부  러 용병 와그너그룹  천명 우크라 동부서 전투태세 ,World
571, 팔 다리 날아가고 참혹   우크라전 참전한  청년  현지 참상 전해,World
572, 푸틴과 올리가르히  검은 돈   수십년간 서방을 길들였다 ,World
573, 키이우 외곽서 러시아군 몰아내  곧  차 회담,World
574,러  마리우폴 사실상 점령 키이우 인근에선 밀려 종합 ,World
575,러  핵무기 사용  질문에  국가 존립 위협때 사용 ,World
576,러시아 부호들  제재 피해 터키 UAE 부동산 대거 매입,World
577, 월   일 미국 증시 마감   테슬라  주식분할 기대로    급등,World
578,코로나   독감 같이 걸리면 사망 확률    배 높아진다,World
579,삼성전자   정부에  인텔과 동등 지원하라  요구,World
580,미  독일에 전자전 공격기  대 보내기로,World
581, 우크라 침공  칼스버그도 러시아서 철수 블룸버그도 영업중단,World
582, 러시아 협상단 아브라모비치 첼시 구단주 중독 의심 증세 ,World
583,보스포러스 막힐라 터키  우크라 유실 기뢰  비상 ,World
584,영국  러  우크라 동부에 용병  천명 배치 전투 태세 ,World
585,마리우폴 시장  러 점령군 이제 도시 대부분 장악 ,World
586, 우크라 침공  영국  러  우크라 동부에 용병  천명 배치 전투 태세 ,World
587, 러시아 등 새 위협 대처    핀란드 이어 캐나다  F    구매 결정,World
588,G   가스대금 루블화 결제 거부 러  환율 방어 어려울 듯,World
589, 푸틴때문에    푸틴의 재벌 친구들  카드사용 막혀 생활난 허덕,World
590,마리우폴 시장  러 점령군 이제 도시 대부분 장악   만명 남아 ,World
591, 전략적 요충지  마리우폴 시장  지역 대부분 러군 통제 받고 있다 ,World
592,러시아  차 협상서 타협안 내놓나  탈나치화  요구 배제 가능성,World
593,우크라이나  키이우 외곽 이르핀 탈환  오늘  차 평화회담,World
594,테슬라   년 만에 또 주식 분할 추진  글로벌이슈 ,World
595, 마리우폴 사실상 러시아군 손에 인도적 대피 방안 마련돼야 ,World
596, 월   일 ETF 시황   비트코인 선물 탄소배출권 ETF 강세,World
597,러 노벨평화상 보유 독립언론  노바야 가제타  영업 잠정 중단,World
598, 초콜릿 물 먹었는데 실명  평화 회담 직후 날벼락 맞은 러시아 재벌,World
599,우크라 돕던 첼시 구단주  독극물 증상  푸틴의 홍차  마셨나,World
600, 푸틴 퇴진 발언  바이든  도덕적 분노 표현 철회 안해 ,World
601, 하이네켄에 칼스버그까지  맥주회사 연이어 러에서 사업 철수,World
602,첼시 구단주 우크라 협상단 중독증세 겪어    수시간동안 실명 ,World
603, 우크라 침공  마리우폴 시장  러 점령군 이제 도시 대부분 장악 ,World
604,삼성 TSMC   정부에  외국 기업도 동등한 지원하라 ,World
605,한국 사극 열풍에 방콕서 우리 전통혼례 한복패션쇼 열려,World
606,크렘린궁  러시아 국가 존립에 위협이 있을 때만 핵무기 사용 ,World
607, 크리스 록   년 전에도 저랬다  VS  그렇다고 생방송에서 사람 치나 ,World
608,러  국가 존립에 위협 있을 때만 핵무기 사용할 것  종합 ,World
609,    늘어섰던 러시아군 행렬  드론 특수부대가 막았다 아침  월드,World
610,한국의 테라가 최근 비트코인 급등세 이끌어 종합 ,World
611,원유시장에  팻테일 리스크 블랙스완   있다는데,World
612, 오늘은 좋은 소식 있다  우크라 키이우에 무슨 일이  러  우크라 침공 ,World
613,     위협 방어 국방전략 최우선    러 억지도 중점 사항 종합 ,World
614,러시아 우크라  터키서  차 협상     정상회담은 아직 ,World
615,러  우크라 정권 제거 돈바스 분단 장악으로 목표 선회 ,World
616,협상 나선 아브라모비치 우크라 관리들 독극물 중독 증상,World
617,한국인  러시아 입국 막히나  러  한국 등 비우호국 입국제한 추진 ,World
618,채소 사려 주먹 다짐 상하이 봉쇄  반발 ,World
619, 물만 마셨는데 실명  러 우크라 협상단 독극물 중독증세,World
620,    억 멕시코 대통령 전용기  결혼 생일파티용으로 민간에 대여,World
621, 우크라이나 나토 대신 EU 가입 조건으로 휴전 논의 중   FT ,World
622,첼시 구단주 우크라 협상단 중독증세 겪어    수시간동안 실명 ,World
623,뉴욕증시  러 우크라 협상 유가 하락에 상승 국제유가  상하이 봉쇄에 급락  인더머니 ,World
624, 얼굴 벗겨지고 실명 공포  평화회담 러 재벌 독극물 공격 ,World
625,젤렌스키   내 인터뷰 보도 막은 러시아 겁먹었다  비난,World
626,비트코인 고래들 매집    급등   만    달러 돌파 상보 ,World
627, 이슈톡  러시아  Z  때문에 스위스 보험사     년 된 로고 버려,World
628,러 비우호국민 입국제한 추진 발표     포함   개국 대상,World
629,우크라 평화협상 관여 러 재벌  독극물 중독 의심 증세,World
630,월가에 다시 밈주식 열풍  게임스톱     AMC     폭등 종합 ,World
631,키이우 탈환 본격화   밀려나는 러시아군,World
632, 톡톡 지구촌  사하라사막을 완주하라  마라톤 데 사브레  개막,World
633,  주식 계속 오르는  가지 이유  금리역전  년 뒤가 증시정점  주장도  김영필의  분 월스트리트 ,World
634,우크라  키이우 외곽 도시 탈환  오늘 터키서  차 회담,World
635, 우크라 협상단  중독 의심 중재한 러 재벌도 수시간 실명  종합 ,World
636, 키이우 외곽서 러시아군 몰아내  곧  차 회담,World
637,우크라이나 전쟁을 막을 수 있었던 결정적 장면들  임상훈의 글로벌리포트 ,World
638,젤렌스키  러와 돈바스 타협 원해   러  정상회담은 없을 것 ,World
639,프랑스판 국정 농단  대선 강타한 맥킨지 게이트  목수정의 바스티유 광장 ,World
640,  정보부  러시아 용병 바그너  우크라에     명 이상 배치 ,World
641, 비바라비다     분 김치 연설 로 인터넷 달궜던 아르헨 상원의원,World
642, 치안 비상사태  엘살바도르  갱단 조직원    여명 무더기 검거,World
643,뉴욕증시  러 우크라 협상 유가 하락에 상승 국제유가  상하이 봉쇄에 급락  인더머니 ,World
644, 얼굴 벗겨지고 실명 공포  평화회담 러 재벌 독극물 공격 ,World
645, 생파때     억 초호화 전용기 대여  멕시코 대통령 무슨 사연,World
646,삼성전자 TSMC  우리도   반도체 플레이어  동등한 대우 해달라 ,World
647,    엔     원도 깨졌다  안전자산 옛말   엔화의 추락,World
648,  대선  주 앞으로  마크롱 대세론  속 높은 기권율 변수,World
649,테슬라 상하이 공장 중단에도 주식분할로    폭등 상보 ,World
650,우크라  이르핀 완전 탈환  키이우서 러시아  밀어내는 모양새,World
651,우크라   키이우 외곽 이르핀 완전 탈환 수도 방어전에 박차,World
652, 푸틴 퇴진 촉구  바이든  정책 변화 아닌 개인적 분노 사과 안해  종합 ,World
653,출구전략 찾는 러 우크라  젤렌스키  중립국화 돈바스 타협 의사 ,World
654, 러 제재  암초 만난   조선   러   에 몰아주기 가능성 ,World
655,우크라 전쟁 틈타 세계 극우세력 준동 발판 다지나,World
656, 푸틴 퇴진 촉구  바이든  개인적 분노 발언  사과 안해 ,World
657, 법원  트럼프      의회 폭동 때 중범죄 저질렀을 가능성 ,World
658,우크라  이르핀 완전 탈환     마리우폴 민간인 사망자  천 명 ,World
659,러  협상 진전 없어 푸틴 젤렌스키 회담 지금은 안돼 ,World
660,연료 저장고 싹 태운다 궁지몰린 러시아 새 전략  영상 ,World
661, 평화 협상  하루 남겨 놓고      푸틴  협상 나설 준비 안 돼 ,World
662,   경제수도  상하이도 봉쇄  몸싸움에 사재기까지 마트는  북새통  영상 ,World
663, 속보   러 재벌 우크라 협상단  화학무기 중독 의심  회담 직후 피부 벗겨져,World
664,삼성 TSMC   정부에  외국 기업들도 동등한 지원해야 ,World
665, 아브라모비치 우크라 협상단  독극물 의심 증상  러 강경파 소행  종합 ,World
666,젤렌스키  돈바스 관련 러시아와 타협 원한다 ,World
667,머스크    리더십 너무 늙었다     세 바이든 겨냥 ,World
668, 우크라 르포  러 미사일 언제 날아올지  하늘 보며 공포에 떨어  어제 저녁만  차례 경보 ,World
669,러군 사령관  참담한 현실에 결국  극단선택    전력 보강 계획 무산 ,World
670, 자막뉴스  결국 둘로 쪼개진 중국   파장 일파만파,World
671,먼지로 변한 마리우폴  최소     명 사망 러 공습에 시신 매장 중단도,World
672, 러 우크라 평화협상단  독극물 의심 증상  러 강경파 소행 ,World
673,마리우폴 함락 임박한 듯   남은   만 주민 살려야  호소,World
674, 우크라 침공   아브라모비치와 우크라 협상단  화학무기 방사선 중독 의심 ,World
675, 주 앞으로 다가온 프랑스 대선 높은 기권율 변수로,World
676, 속보     조 아부다비 국부펀드  러 투자 잠정 중단,World
677,몰타 총선서 중도좌파 집권당 압승 의석  분의   점할듯,World
678, 우크라 침공  키이우서 러시아 군 밀어내는 우크라  이르핀 완전 탈환 ,World
679, 자막뉴스   현재로서는 가망 없다    러 대변인이 밝힌 내용,World
680, 최대 경쟁   부상   지속 위협    내년 국방예산      ,World
681,한발 물러선 젤렌스키  돈바스지역 러에 내주고 전쟁 끝내나,World
682,   경제수도  상하이도 봉쇄  몸싸움에 사재기까지 마트는  북새통  영상 ,World
683, 속보   러 재벌 우크라 협상단  화학무기 중독 의심  회담 직후 피부 벗겨져,World
684,삼성 TSMC   정부에  외국 기업들도 동등한 지원해야 ,World
685, 아브라모비치 우크라 협상단  독극물 의심 증상  러 강경파 소행  종합 ,World
686,뉴욕증시  러 우크라  차 협상 앞두고 혼조세로 출발,World
687,러시아   비우호국  국민 입국 제한 조치 추진   한국도 포함,World
688, 우크라 침공  규제로 방어하는 러시아 루블화 장기 전망은  먹구름 ,World
689,바이든  억만장자세 추진 머스크   조원 더 낼까,World
690,왕이  쿼드  약한 고리  인도에 구애    억 인구가 한목소리 내자 ,World
691,우크라이나  돈바스 문제 타협 원해  터키서  차 협상,World
692, 속보  G   러에 가스대금 루블화 결제 거부 기업  푸틴 요구 따르지 말라 ,World
693,러 외무장관  비우호국 국민에 입국 제한 추진  한국 포함,World
694,우크라 대통령  친러 점령 돈바스 지역 타협할 수 있어 ,World
695, 노벨상  러 독립언론  젤렌스키 인터뷰 후 발행 중단,World
696,독일   Z  문양 사용 처벌 검토  러 우크라 침공 지지 안돼 ,World
697,노벨평화상 받은 러시아 언론  푸틴 탄압에 발행 중단 선언,World
698, 러 독립언론  노바야 가제타 결국 발행 잠정 중단,World
699, 카드 막혀 청구서 요금도 못내     푸틴의 재벌 친구들 생활난 호소,World
700,삼성 TSMC     외국기업에도 동등한 인센티브 제공해야 ,World
701,러시아   비우호국  국민 입국 제한 추진 한국도 포함됐다,World
702, 국무 측  푸틴  아직 우크라 전쟁 끝낼 생각 없어 ,World
703,러시아 우크라이나 오늘 터키서 평화 협상    협상 큰 진전 없어 ,World
704,테슬라   년 만에 또 주식분할 추진 머스크는 코로나 확진,World
705,무여권 무국적 우크라 피난민들 제 국서  발 동동 ,World
706,노벨평화상 수상자 배출 러시아 신문  노바야 가제타  발행 중단,World
707,G   루블화로만 에너지 사가라는 러시아 요구 거절하기로,World
708,  견제 나선 미 필리핀     명 대규모 군사훈련,World
709, 크림반도 모델  영토 내주면 전쟁 끝날까  돈바스  러 연방 가입 주민투표 ,World
710,우크라 러시아  차 협상   일 재개 터키서 대면 회담 종합 보 ,World
711, 아베 정권 대러 외교 실패       에너지 사업 철수 등  신중 ,World
712,   상하이도 결국  동서 분단식 봉쇄     테슬라 가동 중단,World
713,대만 정보기관  대러 제재에 놀란     년간 대만 공격 않을 듯 ,World
714,미국인      러  핵무기 쓸 것   바이든 지지율 최저치 추락,World
715, 봉쇄 없다 던 상하이  확진자 폭증에 단계적 봉쇄,World
716,러 우크라  터키서  차 평화협상 돈바스 타협 가능성 주목,World
717,UAE  기후회의 때 따돌리더니 이제는 산유국이 슈퍼히어로냐  종합 ,World
718,확진     명 넘자  인구     만  상하이 봉쇄한 중국,World
719,야채 놓고  주먹 다짐  상하이 봉쇄에 주민 거센 반발,World
720,G   러 가스 구매 루블화 결제 요구 거부,World
721,미국인      러시아가 우크라전서 결국 핵무기 사용할 것 ,World
722, 우크라 침공  노벨평화상 수상자 이끄는 러시아 독립언론 발행 중단,World
723,두번째로 큰 하르키우  건물     동 파괴돼,World
724,최소  트럼프 대선 불복  소송은 피했어야   년차 대법관에 싸늘한 여론 시스루 피플 ,World
725,우크라 러 한 발 물러서나   차 회담 주목,World
726, 러 연방 가입  투표 추진 남북한식 분단 시도 ,World
727,러시아  현재로선 푸틴 젤렌스키 회담 불가 ,World
728,무여권 무국적 우크라 피난민들 제 국서  발 동동 ,World
729,우크라  장기화    풍력 태양광 사업 직격탄,World
730,러  우크라 협상 진전 거의 없어 양국 정상회담 아직 시기상조  종합 ,World
731,윤여정   위트  시상 윌 스미스   주먹 에 깜짝,World
732, 삼성도 반러감정 의식  갤럭시Z폴드에서 Z 뺀 이유,World
733,우크라 종착지는  유럽의 한반도     러  한국 시나리오 검토 중 ,World
734,러  협상 큰 진전 없어 현재로선 푸틴 젤렌스키 회담도 없다  종합 ,World
735,대만 정보기관 수장  중국   년간 대만 공격 않을듯 ,World
736,중러 공조 속 북한의 핵 미사일 고도화 방치 우려,World
737,ICBM 대응 연합훈련 거절한   한 미 엇박자 ,World
738,출구 전략 고심하는 양국   분단 시나리오  급부상,World
739,말실수  속마음  바이든의 아홉 단어에 전 세계  화들짝 ,World
740,우크라 난민들 표적 삼은 인신매매 우려에  군경  동원,World
741,러 외무  푸틴 젤렌스키 정상회담  지금하면 역효과 ,World
742, 속보  러  협상 진전 없다 푸틴 젤렌스키 회담 현재로선 없을 것 ,World
743,러시아  푸틴  도살자 라니  대통령 발언 계속 주시 ,World
744,상하이  초정밀  폐기하고 우한식 도시봉쇄 허망하게 무너진 방역모범,World
745,러 외무장관    일 방중 우크라 전쟁 후 첫 대면회담,World
746,젤렌스키  러와 돈바스 타협 원해   비무장화 요구엔 선 그어  뉴스 투데이 ,World
747,김정은 시계 얼마짜리길래  푸틴 명품 롱패딩  못잖네,World
748,연비기준 강화 부자증세 꺼낸 바이든  싸늘한 여론 돌파 시도,World
749,젤렌스키  돈바스 타협 가능   우크라 분단 가능성,World
750, 코로나 입원 시 독감 반드시 검사  동시 걸리면 사망률    배 ,World
751, 세상만사  러시아 지방의회 의원  푸틴이 결정한 우크라이나 침공은 전쟁범죄 ,World
752, 중립국  아일랜드도  화들짝    국민      나토 가입해야 ,World
753,머스크 세금   조원 더 내나 바이든  억만장자세  도입 추진,World
754,우크라 국기 배지 단 컴버배치 오스카 별들도  지지와 연대 ,World
755, 올댓차이나  중국 드론 DJI  우크라이나 침공 러시아군 사용 부인,World
756,전장에선 보안이 생명인데   감청 쉬운 휴대전화로 교신하는 러시아군,World
757,발칸반도 캅카스  들썩이는 우크라이나 주변 화약고들,World
758, 출구전략 찾는 우크라이나 돈바스 영토 포기하나,World
759, 전문가    신형 화성   형 ICBM  옛소련 개발 UR    N 유사 ,World
760,푸틴  돈바스 집중  방향 전환한  가지 이유,World
761,러시아서 짐싼 기업만    여곳 햄버거 콜라에 맥주까지,World
762,우크라 의용병 부대  한국인 일부 전선 배치 ,World
763,점령 못 하면 쪼갠다    우크라  우크라  시나리오 꺼낸 러시아,World
764,부자들은 음주측정 예외  태국서 또  유전무죄  모락모락,World
765, 영상   돈바스 집중  러시아군  키이우 외곽서 일부 퇴각 전세 바뀌나,World
766,중국 상하이 봉쇄령에 마트는 혼란 그 자체 곳곳에서 사재기 몸싸움,World
767,젤렌스키  돈바스 문제 타협 가능   우크라 동남부 둘로 쪼개지나,World
768,러 우크라 터키서 담판 지을까  돈바스 지역 타협  관건,World
769, 영상   마트마다 아우성  상하이 시민들  패닉   식료품 사재기 전쟁,World
770,미 국민      미 참전 불가피  바이든 지지율 다시 고전,World
771,돈바스 내주고 전쟁 마침표  젤렌스키  중립국화도 논의 ,World
772, 우크라 위기 대응 엉망  바이든 지지율 또 떨어졌다,World
773,바이든  러 정권교체 요구아냐  전날 폭탄발언 해명하느라 진땀,World
774,젤렌스키  땅 중요하나 통치 구역일뿐 많은 생명 구하는 게 승리 ,World
775,우크라 전쟁후 중 러 외교장관 첫 대면 러 외무    일 방중 종합 ,World
776,러 총성 터질 때 지하에선 우크라 달랜  기적의 선율 ,World
777, 남중국해에도 긴장 고조  미국  필리핀과 최대 군사훈련,World
778, 이  공익 해친다  공개 거부한 영부인 의상비   선 본인이 낸다,World
779,푸틴 체제 변동 가능성은 어느 정도 ,World
780,인도 찾은   왕이  쿼드  흔들기    억이 한목소리 내면  ,World
781,폭스바겐  공급망 재편  의존 줄이고  로 간다,World
782, 영상  우크라  이근 근황 첫 공식 확인  아직 전선 투입 전 ,World
783,우크라이나 분단으로 가나    푸틴  한국 시나리오 생각해 ,World
784,  FDA    세 이상에 코로나 백신   차 부스터샷  승인 전망,World
785,현금     만원 받고 우크라에  탱크  넘기며 항복한 러시아 군인,World
786,러  남부 마리우폴 점령 집중    러 물자 부족 악화  종합 보 ,World
787, 전쟁 이유 모르겠다  러시아 병사  탱크 끌고 투항,World
788,미러 관계 끝장    안팎 반발  푸틴 권력 축출  바이든 연설 후폭풍,World
789,엔저 가속   년여 만에 달러당    엔대    엔 전망도,World
790, 우크라 침공       늘어섰던 러 진군행렬 드론부대가 막았다 ,World
791, 러시아 포로에 가혹 행위  영상 진짜일까  우크라  사실 밝힐 것 ,World
792, 줌인 방산 도 지속가능 투자  우크라 사태가 바꾼  ESG 프레임 ,World
793,엔저 가속   년여만에 달러당    엔대    엔 전망도 종합 ,World
794,UAE  러시아  원유  대체 어렵다 ,World
795,결국 돈바스 지역 러시아에 내주고 종전  한 발 물러선 젤렌스키,World
796,고유가 속 뜨는 전기차 테슬라 리비안 루시드  살까  말까,World
797,지난주   회 위치추적장치 꺼버린 러시아 유조선  제재회피 의혹,World
798,러  수십억 상당 오데마피게 명품 시계 압수  스위스 제재  보복,World
799,머스크  바이든 대통령 저격  미국 지도부 너무 늙었어 ,World
800,러시아군의 허술한 통신 보안   휴대전화 쓰다 우크라이나군에 감청당해,World
801,탈레반 여학생 등교 금지에 반발 확산 유엔 안보리 허용 촉구,World
802, 한국처럼  푸틴  우크라 점령 어렵자 꺼낸 비장의 카드,World
803,우크라이나 분단으로 가나    푸틴  한국 시나리오 생각해 ,World
804, 우크라 침공  젤렌스키  많은 생명 구하는 게 승리 ,World
805, 전문가들    ICBM  구소련 개발 UR    N 닮은꼴 ,World
806,윌 스미스  아카데미 생방송중 시상자 뺨 때려  아내 비아냥에 격분,World
807, 우크라 침공  브라질도 우크라 의용군 수백명 지원 정부는 만류,World
808,우크라 키이우  온라인 학교 수업 재개  러 위협 안먹혀 ,World
809,미얀마 민주진영  쿠데타군 이탈자들 망명이라도 받아달라  왜 ,World
810, 탱크  우크라이나군에 넘기며  시민권  요구한 러군,World
811,   교육당국  교사들에게 러시아에 편향된 강의 논란 ,World
812,사라진 탱크 엔진  참담한 러시아군 사령관  결국  극단선택 ,World
813,우크라  러군   일새    명 전사 벨라루스에 미사일 배치 ,World
814,우크라  의원  러   여성들 성폭행 침묵하지 않을 것 ,World
815,바이든  러 정권교체 시사 아냐   발언 하루만에 번복,World
816,러시아 때문에 스위스 보험사  Z  로고 포기,World
817, 우크라 침공  러 우크라 협상  조금씩 진전  출구전략 시사,World
818,러 외무    일    우크라  지지 구할 듯,World
819,  만달러 줄게 항복할래   탱크 끌고 투항한 러시아 병사,World
820,머스크  푸틴에 또 도발  나보다 훨씬 부자  은닉재산 조롱,World
821,로마 크기의  콩거 빙붕  붕괴  현재 남극에선 무슨 일이,World
822, 영상  두 손 꼭 모아 음악 감상 콘서트장으로 변신한 하르키우 지하철역  나우 어스 ,World
823,시민권과 포상     만원 얻으려 탱크 몰고 투항한 러 ,World
824, 탱크 몰고 투항한 러 병사에   우크라  시민권과  만달러 줬다 ,World
825, 우크라이나도 한국처럼 분단 국가로 푸틴은 이걸 원한다 ,World
826, 한국 만만하냐  아시아나 모형기 들고   여객기 추락  보도한 대만,World
827,상하이시 전격 봉쇄  제로 코로나 가  경제 를 눌렀다,World
828,러 우크라 이번주 대면협상 젤렌스키  돈바스 타협 원해 ,World
829,마돈나  나도 메타버스에 투자   억원짜리  유인원  무엇 ,World
830, 국세청 수사비 제한으로 러시아 제재 실행 차질 우려,World
831,우크라  러 공격에 머스크  스타링크  십분 활용  드론 공격 도움 ,World
832, 러     주내 마리우폴 집중 공격할 듯  동남부에 전력 집중,World
833,뻔뻔한 푸틴 통치   년  스스로 러 영광 복원 메시아 됐다 ,World
834, 러 동맹  중앙아시아  개국  러 침공에 침묵 중립 입장 유지,World
835,  인치도 양보 없다 던 젤렌스키 친러 지역 돈바스 내주나,World
836,러 위협에 군비증강    사드 애로  구매하나,World
837, 우크라 침공  일단 침묵 중앙아  스탄   개국 아슬한 줄타기,World
838,러시아군  Z  때문에  스위스 보험사 로고 포기 영상 ,World
839,러군   탱크 넘기며  항복   만달러 보상에 우크라 시민권 제공 ,World
840,사상 초유의 아카데미 폭행 윌 스미스의 분노 이유 있었다,World
841, 정부 눈치보기  HSBC  우크라  전쟁  표현을  충돌 로 바꿔,World
842, 영상  두 손 꼭 모아 음악 감상 콘서트장으로 변신한 하르키우 지하철역  나우 어스 ,World
843,시민권과 포상     만원 얻으려 탱크 몰고 투항한 러 ,World
844, 탱크 몰고 투항한 러 병사에   우크라  시민권과  만달러 줬다 ,World
845, 우크라이나도 한국처럼 분단 국가로 푸틴은 이걸 원한다 ,World
846, 한국 만만하냐  아시아나 모형기 들고   여객기 추락  보도한 대만,World
847,상하이시 전격 봉쇄  제로 코로나 가  경제 를 눌렀다,World
848,헝가리 다뉴브 강둑의 신발    켤레 마리우폴 사망자 추모,World
849,키이우 외곽에 널린 러시아군 시체   차례 격퇴 ,World
850, 우크라 다큐  제작 숀 펜  오스카  젤렌스키 초청 안 하면 트로피 박살 ,World
851,우크라전 장기화  식량난 고유가로 전세계 서민들 생활고,World
852,     년 위안부 합의 복원  주문    향후 윤 정부의 선택은  역사로 보는 오늘의 이슈 ,World
853,치열한 키이우 방어전  러시아군   차례 격퇴했다 ,World
854,바이든  억만장자 소득세율      추진   의회 통과는  먼 길 ,World
855,러  헤르손 인근 공항 공격   전   패  무모함  상징,World
856, 마리우폴 극장 공격에 임산부 신생아 대거 희생 ,World
857,윌 스미스  오스카상 무대 난입해 뺨 가격 왜 ,World
858, 속보 러시아군 시체 곳곳에  주민들이 매장 ,World
859, 르포  동 서  분단 된 상하이 오미크론이  경제수도  흔들어,World
860,유엔 안보리  아프간 탈레반에 여학생 등교 허용 촉구,World
861,중  유라시아 화물열차 전쟁보험 지원 러 경제 숨통 틔우기 ,World
862,  배송 차질로 농산물 산지가격 폭락  소매가는 급등,World
863,러  우크라 동남부에 전력 집중 젤렌스키  돈바스 타협 원해 ,World
864,우크라  탓  날개 꺾인 러시아  소유즈  대신 스페이스X 난다,World
865,러시아 제재로 소유스 로켓 앞날  불투명  반사 이익 얻는 곳은 ,World
866, 이제 마스크 벗습니다     한국에서도 이 수치 확인하세요  이봉렬 in 싱가포르 ,World
867, 푸틴  권좌에 있을 수 없다  후폭풍에   퇴진요구 아니다  해명한 바이든,World
868,아카데미 시상식    초 침묵 파란 리본으로  우크라 지지 ,World
869, 비전략적 핵 카드  꺼내는 푸틴 서방 국가들  우려 ,World
870,젤렌스키  돈바스 타협  러  젤렌스키 인터뷰한 매체  검열 ,World
871,우크라   키이우 포위하던 러 군대  손실 입고 철수 ,World
872,원고에도 없던  푸틴 축출  바이든 발언에  내에서  끔찍한 실수  비판 쇄도,World
873, 푸틴  우크라이나 둘로 쪼개는  한국 시나리오  모색중 ,World
874, 한국 의용군 일부 전선 배치  이근 지금 어디 있나,World
875,영국  수주 내 암호화폐 규제 계획 발표,World
876, 체르니히우  수도 전기 끊겨 러  의도적으로 민간인 공격 ,World
877,정치적 중립 논란 휩싸인 클래런스 토머스 미국 대법관 시스루 피플 ,World
878, 최고 부자  머스크  푸틴 우크라 침공은 미친 짓 나보다 돈 많아 ,World
879,바이든  푸틴 퇴진  발언에    끔찍한 실수  비판 쇄도,World
880,러시아 격퇴한 키이우 외곽 곳곳에 러시아군 시체 있어,World
881, 러  공격에 마리우폴 전체가 공동묘지 됐다 ,World
882,  배송 차질로 농산물 산지가격 폭락  소매가는 급등,World
883,러  우크라 동남부에 전력 집중 젤렌스키  돈바스 타협 원해 ,World
884, 도쿄 르포  지쳐가는 일본 시민들  위드 코로나 환영 ,World
885,미국 연준  연착륙  멀어진다  경기둔화  준 경착륙 이 최선 ,World
886, 러시아군 보안 허술한 휴대전화로 통신 사기 저하 방증 ,World
887, 중국군  합동작전 위한 엘리트 지휘관 양성해야 ,World
888,러  남부 마리우폴 점령 집중 키이우 북부서 후퇴 재정비 종합 ,World
889,난민 수용 기피 일본  우크라이나 피란민 수용은     찬성,World
890,라브로프    일 방중 우크라 침공후 중러 외무장관 첫 대면,World
891,러 재벌  지옥같은 이념 전쟁 우크라  장기화될 듯 ,World
892, 영상   푸틴  권력유지 안돼  계산된 공격인가  실언인가 의견 분분,World
893,젤렌스키  우크라 중립국화 논의 가능 ,World
894, 우크라이나 대응 잘했다  쑥쑥 오르는   기시다 지지율,World
895,     테러  맞힌 바바 반가가 예언한 푸틴의 운명은 ,World
896, 영상  러시아  미사일 공격 영상 노골적으로 공개,World
897, 우크라 침공  러 전면전 대신 동남부에 전력 집중 전세 바뀌나,World
898, 아이폰   프로   카툭튀  더 심하다    왜 ,World
899, 우크라 침공  키이우 외곽에 널린 러시아군 시체   차례 격퇴 ,World
900,     만원 시민권 준다  문자에 탱크 넘기고 항복한 러 ,World
901,러시아 제재로 소유스 로켓 앞날  캄캄  스페이스X 수혜,World
902,러 연방 가입 추진  중립국화 논의 가능 ,World
903,나토 주재  대사  러  돈바스 초점 전략 변경 증거 아직 없다 ,World
904,보육원 지하실 갇혔던 아이들  구호단체 도움으로 폴란드  무사 탈출 ,World
905,이번주   증시  발표 앞둔 주요 경제지표에  주목 ,World
906,우크라 난민규모     년 이후  위  난민     현지 정착  달라질 유럽 ,World
907,EU  명품 수출금지 에 러  스위스 명품시계 싹쓸이  보복 ,World
908,우크라 전쟁으로 한국 조선업체 울상 중국은 미소 왜 ,World
909,별들의 무덤 되나  번째 러시아 장성 사망  러  우크라 침공 ,World
910, 우크라 침공  포성 끊이지 않는 전쟁터 지하철역이 콘서트장으로,World
911,해병대 병사  군대서 기수열외 등 부조리 겪어 우크라서 자진 귀국할 것 ,World
912,우크라 의용병 대변인  이근  전선 투입 전 ,World
913,숄츠  미사일방어시스템 구매 고려  이스라엘 아이언돔 애로  거론,World
914, 우크라 침공  젤렌스키  돈바스문제 타협 원해 중립국화 논의가능  종합 보 ,World
915,거세지는 바이든의 비난 수위    푸틴 정권 교체  파문,World
916,러시아 강경대응에 기시다 지지율  껑충  한달 새   p 올라,World
917,젤렌스키  친러 지역 양보하나  돈바스 타협 원해 중립국화 논의도 가능 ,World
918, 바이든 늙은정치   푸틴 미친짓  머스크  미 러 정상 싸잡아 비난,World
919,러시아군 포위한 마리우폴 굶주림 극심    아이들 죽어간다 ,World
920,코로나 걸렸을 땐 독감 더 조심해야 둘다 걸리면 사망률    배,World
921,머스크  바이든 겨냥    정치 오래된 리더십  나이 규제해야 ,World
922,우크라이나 의용병 부대  한국인 일부 전선 배치 이근 투입 전 ,World
923,전력난 공포 커진   국민 절반 이상이  원전 재가동해야 ,World
924, 러시아는 여기 남 북한을 만들려 한다  우크라의 판단 근거는 ,World
925,유가 폭등에 인플레 악화    주정부들 유류세 면제하고 보조금,World
926, 런던 르포  더 이상 코로나에 관심 두지 않는 영국 시민들,World
927,끔찍한 실수  감정 격앙  바이든의  푸틴 권좌  발언 뒷수습 진땀,World
928, 중국 부동산업계 휘청대자 홍콩 재벌들이 기회 노려 ,World
929, 우크라 침공   푸틴정권 교체   바이든 아홉단어에 대소동 종합 보 ,World
930,러   푸틴 축출  발언에  바이든이 결정할 일 아냐 ,World
931,우크라군 공세 취하나 승리 임박한 건 결코 아니다,World
932,우크라이나  결국 남북한처럼 분단되나,World
933,일본 국민      원전 재가동해야  전력부족 우려에   p  ,World
934,미국 증시도 위험한 레버리지 인버스 ETF 인기,World
935,궁지에 몰린 바이든  국내정책으로 돌파구 시도,World
936,조지아서 열린 푸틴 대통령 형상 화형식  뉴시스Pic ,World
937,중국 싱크탱크  바이든 행정부  남중국해서 군사활동 강화 ,World
938, 한국인 우크라 의용병 일부  전선에 배치 이근은 아직 투입 전 ,World
939,젤렌스키  돈바스 문제 타협가능  우크라 분단 현실화되나 종합 ,World
940,돈바스 영토 포기 시사한 젤렌스키 우크라 포성 멈출까,World
941,중국    날짜 변경선 따라 구축한 억제 라인 반발,World
942, 화끈한 투자     증시서  배 레버리지 인버스 ETF 거래 급증,World
943, 이 시각  키이우 공격 실패 러시아군 벨라루스로 퇴각,World
944, 국무  이스라엘 아랍권 동맹국 만나 대이란 안보 강조,World
945,미국인      우크라 참전 불가피  바이든 지지도 최저,World
946, 여객기 사고원인 조사 본격 착수,World
947,우크라 국방부  러  중장 사망 확인  번째 장성 ,World
948,러 매체와 인터뷰한 젤렌스키  중립국 지위 고려 돈바스 이슈 타협 원해 ,World
949,머스크     리더십 늙었다   푸틴은 나보다 부자 ,World
950,KEDI  과 KEDI   ETF 왜 예측이 틀릴수록 빛나나  국제경제읽기 한상춘 ,World
951,러  어쩌다가    엔진 도난  전차 마비되자 사령관 극단선택 ,World
952, 자막뉴스  말실수  고도의 전략  바이든 돌발발언에 화들짝,World
953,실각설 휩싸였던 러 국방장관 재등장 의혹 확산,World
954,독일  미사일 방어체계 구입 검토 중 우크라 침공한 러시아 염두 ,World
955,비트코인    급등   만    달러도 돌파  개월래 최고 상보 ,World
956,    만원 우크라 시민권에  탱크  몰고 와 투항한 러 병사,World
957,   EU에 천연가스 공급 확대   러시아 에너지 의존도 낮출 것   글로벌이슈 ,World
958, 우크라 침공  러시아산 원유 해상수출  개월만에 최소,World
959,러 규제당국  자국 언론들에  젤렌스키 인터뷰 공개 금지 ,World
960, 우크라 난민 수용 프로그램  성매매업자 위한  틴더 되나 ,World
961,우크라  한국처럼 분단국가 되나   러   영토 쪼개기  계획중 ,World
962, 여학생 등교 허용  하루도 안 되어 깨진 탈레반의 약속 플랫 ,World
963,러 장군 사망률  차대전 이래 가장 높은 수준  도청으로 위치 노출 ,World
964, 우크라 침공  낮은 백신접종률에 피란민들 코로나   무방비 노출,World
965,독일  미사일 방어체계 구입 검토 이스라엘  애로   물망,World
966, 이근 대위 전선 투입 전  우크라 의용병 부대  한국인 일부는 투입 ,World
967,   경제수도  상하이  올스톱    도시봉쇄로 지하철 버스도 중단 차이나픽 ,World
968,휴전협상 재개   젤렌스키  돈바스 중립화 논의 가능 ,World
969,원 달러 환율의 향방  월에는 유럽을 중시해야 한다  국제경제읽기 한상춘 ,World
970, 러 정권교체 뜻한 것 아냐  바이든   푸틴 축출  발언 직접 해명,World
971, 영상  바이든   푸틴 정권 교체냐  기자 질문에  아니다 No    나우 어스 ,World
972,우크라 의용병 부대  한국인 일부 전선 배치 이근은 투입 전 ,World
973,   나토 회원국의 미그기 지원은 각국이 결정할 사안 ,World
974,   우크라 전투기 지원은 각국 결정 사안   폴란드 전투기 투입하나,World
975,예멘후티반군  사우디연합군 포로    명 교환할 준비돼,World
976,출구 전략 꺼내든 젤렌스키   돈바스 영토 포기 시사 ,World
977,계속되는 공습 젤렌스키  돈바스 문제 타협 원해 ,World
978,눈에 띄는 카타르  연성 제재   러와 정치불안 일부 유럽국 투자 중단 ,World
979,독일  미사일 방어체계 구입 검토 이스라엘  애로   물망,World
980,   우크라 인프라 보호 위해  억 달러 추가 지원,World
981,러 외무    일 방중 우크라 전쟁후 중 러 외교장관 첫 대면,World
982, 여학생 등교 허용  하루도 안 되어 깨진 탈레반의 약속 플랫 ,World
983,러 장군 사망률  차대전 이래 가장 높은 수준  도청으로 위치 노출 ,World
984, 우크라 침공  낮은 백신접종률에 피란민들 코로나   무방비 노출,World
985,독일  미사일 방어체계 구입 검토 이스라엘  애로   물망,World
986, 이근 대위 전선 투입 전  우크라 의용병 부대  한국인 일부는 투입 ,World
987,   경제수도  상하이  올스톱    도시봉쇄로 지하철 버스도 중단 차이나픽 ,World
988,휴전협상 재개   젤렌스키  돈바스 중립화 논의 가능 ,World
989,머스크  바이든 푸틴 비판  늙은 리더십 우크라 침공 미친 짓 ,World
990, 아메바 경영 의 원조는 우장춘 박사 넷째 사위  정영효의 일본산업 분석 ,World
991,영토 양보 없다던 젤렌스키  돈바스 지역 타협 가능해 ,World
992, 러  우크라를 남북한처럼 분단할 계획  우크라군 정보부,World
993,러 우크라 터키서  차 평화협상 젤렌스키  중립국화 논의 가능 ,World
994,머스크    세 바이든 겨냥  대뜸    리더십 매우 늙었다 ,World
995,우크라 동부 돈바스  러 연방 가입 시도   처럼 분단시키려 해 ,World
996, 우크라 중립국화 검토   젤렌스키  러시아와 타협 가능성 언급,World
997,젤렌스키  중립국 협상 준비돼 있다    제 자가 보장해야 ,World
998,머스크  바이든 겨냥   미국  매우 늙은 리더십 갖고 있다 ,World
999,연일 바이든 공격하는 트럼프  김정은  영리하고 터프해 ,World
1000,  정부    세 이상  차 부스터샷 허용 계획 선택권 부여 ,World
1001,트럼프  푸틴 시진핑 김정은 등 독재자들  똑똑하다 고 칭찬,World
1002,친러 반군  주민투표로 러 편입 추진 우크라  한국처럼 분단할 계획 ,World
1003,머스크  푸틴이 나보다 훨씬 부자  진짜인가 조롱인가,World
1004,  개 단어 로 미국 뒤집어 놓은 화난 바이든 뭐라 했길래,World
1005,트럼프  대륙간탄도미사일 쏜 김정은에  영리하고 터프해 ,World
1006,바이든의 거친 발언과 백악관의 해명 의도 또는 실수,World
1007,머스크  푸틴에  미친 짓   나보다 부자  은닉재산 조롱,World
1008,  여객기 추락 설명하며 모형은 아시아나 비행기   대만 방송 실수 눈살,World
1009,  경제수도 상하이 전면봉쇄  세계경제에도 충격 줄듯 종합 ,World
1010,    만원 우크라 시민권 보장하자  러   탱크 건네주며 항복,World
1011,러시아 병사 탱크몰고 오며 투항  우크라 시민권과 현금     만원 달라 ,World
1012,젤렌스키    일째 기다려 나토  탱크 비행기   만 지원을 ,World
1013, 긁어 부스럼  만든 바이든 즉흥 발언  외교가 발칵,World
1014,상하이  천만명 전수검사 중국  봉쇄 장기화 에 불만 오늘 아침 ,World
1015,우크라 국민     만명 집 잃어 국외 난민    만명,World
1016,젤렌스키  돈바스 지역 중립국화  논의할 용의 있다 ,World
1017, 이코노미스트   청 이전  윤 당선인의  비인기 개인적  프로젝트 ,World
1018,바이든 즉흥 연설 파문 러 정권교체 추진설에  진땀 ,World
1019,한발 물러선 젤렌스키  돈바스  러시아와 타협 원해 ,World
1020,우크라  중립국화 수용 의지  차 평화회담 풀리나 ,World
1021,우크라 대통령  돈바스 타협 가능  영토 문제 언급,World
1022, 마리우폴 극장 공격에 임산부 신생아 대거 희생 ,World
1023, 인터뷰  결전 앞둔 오데사 주지사   전범  러시아에 끝까지 저항 ,World
1024,숀 펜   아카데미  젤렌스키 연설 초청 안하면 트로피 부술 것 ,World
1025, 영상    나토 대사  나토 회원국 미그 전투기 우크라 지원은 각국 결정 사안   나우 어스 ,World
1026,키이우 공격 러군 일부 체르노빌 거쳐 벨라루스로 퇴각,World
1027,블링컨  이란 핵협정 앞두고 중동 동맹국 안심시키기 나서,World
1028,비트코인  월  일 이후 처음으로  만    달러 돌파 상보 ,World
1029,휴전협상 재개   젤렌스키  돈바스 중립화 논의 가능 ,World
1030, 푸틴 퇴진  바이든 발언에 유럽 각국 찬반 갈려,World
1031,젤렌스키 우크라이나 대통령  돈바스 중립국화 문제 타협 가능 ,World
1032, 속보    차 평화협상  개최   중립국화 논의  한발 물러난 젤렌스키,World
1033, 마리우폴 등은 식량지원도 불가능  장기화되면 최악 직면,World
1034,미국이 러시아 정권 교체 추진  진화 나선 백악관,World
1035, 러  우크라를 남 북한처럼 분단시키려 한다 ,World
1036, 돈바스 문제 타협 원해 우크라이나 중립국화 논의 가능 ,World
1037,러 연방 가입 추진  중립국화 논의 가능 ,World
1038, 푸틴은 학살자  권력 유지 안 돼   바이든  퇴진 촉구,World
1039,러 언론 규제 당국  젤렌스키 인터뷰  보도하지마 ,World
1040, 푸틴은 물러나야  맹비난 러  폭격으로 맞서,World
1041,우크라 러시아  터키서  차 평화협상  개최일 발표는 엇갈려,World
1042, 푸틴  우크라 남 북한처럼 분단시키려는 방안 모색 ,World
1043, 인터뷰  결전 앞둔 오데사 주지사   전범  러시아에 끝까지 저항 ,World
1044,숀 펜   아카데미  젤렌스키 연설 초청 안하면 트로피 부술 것 ,World
1045, 영상    나토 대사  나토 회원국 미그 전투기 우크라 지원은 각국 결정 사안   나우 어스 ,World
1046,키이우 공격 러군 일부 체르노빌 거쳐 벨라루스로 퇴각,World
1047,블링컨  이란 핵협정 앞두고 중동 동맹국 안심시키기 나서,World
1048, 푸틴은 도살자  경고 수위 높인 바이든  핵 선제사용 금지도 폐기,World
1049,중러    감싸기 에  규탄성명 입도 못 뗀 안보리,World
1050,바이든  푸틴  권좌에 남아선 안돼 ,World
1051,벌써 러 장성  명 사살  별들의 무덤  만든 우크라 특수부대,World
1052,러 총성 터질때 지하에선 우크라 비통함 달랜  기적의 선율   영상 ,World
1053,트럼프  푸틴 시진핑 김정은  영리하다  또 칭찬,World
1054, 경제  코로나 사태 이후 최악  앞으로 더 안 좋다 ,World
1055,바이든  푸틴 권력 유지 안돼  발언에 푸틴 측  그건 러시아 국민 선택 ,World
1056, 우크라 침공  젤렌스키  돈바스문제 타협 원해 중립국화 논의가능  종합 ,World
1057, 더는 권력 가져선 안돼  푸틴 겨냥한 바이든 발언  후폭풍 ,World
1058,바이든  푸틴 교체  언급에 러  미사일 쏘며 강력 반발,World
1059,  초강력 봉쇄에도 확산 지속  피로감 커지는  칭링 정책 ,World
1060,젤렌스키   차협상 앞두고  돈바스 타협원해   중립국화 가능 ,World
1061,젤렌스키  돈바스 문제 타협 원해 중립국화 논의도 할 수 있어 ,World
1062,푸틴  동 남부 집중 공격  한반도처럼  우크라 분단  시나리오 ,World
1063, 바이든과 대면 회담  몸단  기시다   에  월 조기방문 요청,World
1064,우크라  러  고위 지휘관 최소   명 사망  WP  지휘관 전사비율   차대전 후 최고 ,World
1065,     세 이상에 곧   차 부스터샷  권고  효과 놓곤 찬반 팽팽,World
1066,바이든  독재자 푸틴  권좌에 계속 남을 수 없어   퇴진 촉구,World
1067,돈바스  러 편입 주민투표 추진  우크라  한국처럼 분단 시도 ,World
1068,트럼프  ICBM 쏜 김정은에  영리하고 터프하다  칭찬,World
1069, 우크라 침공   푸틴 정권교체 추진   바이든 아홉단어에 대소동 종합 ,World
1070,트럼프  대륙간탄도미사일 쏜 김정은에  영리하고 터프해 ,World
1071, 공급망 위기 직격탄  폭스바겐    의존 줄이고 대미투자 강화,World
1072, 빵 줄에 폭탄  수십명 팔다리 잘려  체르니히우 참상,World
1073,바이든  폴란드서 연설한 날 러  리비우에 미사일 공격,World
1074, 최유식의 온차이나  우크라이나 늪에 빠진 중국,World
1075,영국 시사지    집무실 이전에  시민 가까이 가려다 더 멀어질라 ,World
1076,트럼프   미사일 도발  김정은에  영리하고 터프해 ,World
1077, 여교수가 학회 데려갔는데 방  개만 예약했습니다  남학생의 소송,World
1078,한미  북한 ICBM 발사 공개영상  짜깁기  판단,World
1079,젤렌스키  중립국화 협상 가능   돈바스 타협할 수도 ,World
1080,부패 정치인서  결사항전  상징 된 우크라  대통령,World
1081,  트럼프  임기말  인사 알박기 로 바이든과 갈등     새대통령 인사 위해 대선 끝나면 총리는 사의,World
1082,친러 반군  주민투표로 러 연방 가입    우크라  한국처럼 분단 시도 ,World
1083, 러시아  우크라를 남북한처럼 분단국가로 만들 속셈 ,World
1084,블링컨 미 국무  이란 핵무기 못 가질 것  중동 동맹 달래기 종합 ,World
1085,러 수뇌부 잠적 관료 사퇴 흔들리는 크렘린,World
1086, 우크라 침공   마리우폴 극장 공격에 임산부 신생아 대거 희생 ,World
1087,터키  국제사회  러시아와 대화 채널 유지해야 ,World
1088, 우크라 침공  터키  국제사회  러시아와 대화 채널 유지해야 ,World
1089, 논란 점철    왕세손 카리브해 순방 영연방 존속 의구심만,World
1090,서부 르비우 공습 돈바스  러시아 연방 가입 추진,World
1091, 세계  위 인구 대국  타이틀 중국이 인도에 내줬다고 ,World
1092,바이든  푸틴은 권좌에 있을 수 없다 ,World
1093,루간스크 수반  주민투표 거쳐 러시아 연방에 들어가고 싶다 ,World
1094,탈레반  남성 없이 여성 혼자 비행기 탑승 금지 ,World
1095, 푸틴  도살자  바이든 경고한 마크롱  말이든 행동이든 긴장 고조 안돼 ,World
1096,    명 사망    추락 여객기 블랙박스 모두 회수 FDR 추가 발견,World
1097, 자막뉴스   핵무기 사용  현실 문제    달라진 일본 반응,World
1098,바이든  푸틴은 폭력배 도살자  백악관  화들짝 ,World
1099, 러 침공 맞서    이스라엘서 애로우   미사일 구입 논의 ,World
1100, 러시아 한반도처럼 우크라이나  영구 분단  노려  동부와 남부 공략,World
1101,   추가 무기 지원   젤렌스키  나토 전투기 탱크   만 달라 ,World
1102,러  바이든 방문 폴란드 국경 인근  르비우  공격,World
1103, 러시아  우크라를 남북한처럼 분단국가로 만들 속셈 ,World
1104,  여객기 추락 보도하며    아시아나 모형기 내보낸 대만 방송,World
1105, 푸틴은 물러나야  맹비난 러  폭격으로 맞서,World
1106,중국 추락 여객기 블랙박스 추가 발견  개 모두 회수 종합 보 ,World
1107,공식  위는 중국인데  인도가 넘어섰다   인구 가장 많은 나라  두고 힘겨루기,World
1108,   ICBM 이동식 발사대 발사  첫 확인 킬체인에 걸림돌,World
1109, 첫 목표 달성했다 는 러시아  출구 전략  연막작전 ,World
1110,돈바스  러 연방 가입 시도 우크라  한국처럼 분단시키려 해 ,World
1111, 러시아  우크라이나를 한반도 처럼 분단 시도 ,World
1112,격앙된 러시아  바이든  약하고 아프고 불행   미국인 부끄러워해야 ,World
1113,탈레반  학교 이어 놀이동산마저 남녀 분리 명령 종합 ,World
1114,러  바이든 근처 르비우에  순항 미사일  발사 인정,World
1115,블링컨 미 국무  이란 핵무기 못 가질 것  중동 동맹 달래기,World
1116,한 포기에  만 천원 코로나  로 귀한 몸 된    배추 ,World
1117,미국  이란핵협상 타결 임박 확신없어 혁명수비대 제재는 유지  종합 ,World
1118,대만 특전부대 훈련 도중 영어로 의사소통   미국과 훈련  ,World
1119,러 연방 가입 시도에 우크라  한국처럼 분단시키려고  비판,World
1120,루한스크 공화국    곧 러시아 편입 주민투표 실시 ,World
1121, 단독   생존자 구조 엄두 못 내 러시아로 강제 이주도 ,World
1122,    명 전원 사망  중국 여객기  블랙박스 모두 회수,World
1123, 루한스크 러 귀속 주민투표  우크라  동서분열로 제  분단국 될까,World
1124,  여객기 추락 보도하며    아시아나 모형기 내보낸 대만 방송,World
1125, 푸틴은 물러나야  맹비난 러  폭격으로 맞서,World
1126,중국 추락 여객기 블랙박스 추가 발견  개 모두 회수 종합 보 ,World
1127,공식  위는 중국인데  인도가 넘어섰다   인구 가장 많은 나라  두고 힘겨루기,World
1128,   ICBM 이동식 발사대 발사  첫 확인 킬체인에 걸림돌,World
1129, 첫 목표 달성했다 는 러시아  출구 전략  연막작전 ,World
1130,돈바스  러 연방 가입 시도 우크라  한국처럼 분단시키려 해 ,World
1131, 러시아  우크라이나를 한반도 처럼 분단 시도 ,World
1132,격앙된 러시아  바이든  약하고 아프고 불행   미국인 부끄러워해야 ,World
1133,탈레반  학교 이어 놀이동산마저 남녀 분리 명령 종합 ,World
1134,러  바이든 근처 르비우에  순항 미사일  발사 인정,World
1135,블링컨 미 국무  이란 핵무기 못 가질 것  중동 동맹 달래기,World
1136,한 포기에  만 천원 코로나  로 귀한 몸 된    배추 ,World
1137,미국  이란핵협상 타결 임박 확신없어 혁명수비대 제재는 유지  종합 ,World
1138,대만 특전부대 훈련 도중 영어로 의사소통   미국과 훈련  ,World
1139,러 연방 가입 시도에 우크라  한국처럼 분단시키려고  비판,World
1140,루한스크 공화국    곧 러시아 편입 주민투표 실시 ,World
1141, 단독   생존자 구조 엄두 못 내 러시아로 강제 이주도 ,World
1142,    명 전원 사망  중국 여객기  블랙박스 모두 회수,World
1143, 루한스크 러 귀속 주민투표  우크라  동서분열로 제  분단국 될까,World
1144,  여객기 추락 보도하며    아시아나 모형기 내보낸 대만 방송,World
1145, 푸틴은 물러나야  맹비난 러  폭격으로 맞서,World
1146,중국 추락 여객기 블랙박스 추가 발견  개 모두 회수 종합 보 ,World
1147,공식  위는 중국인데  인도가 넘어섰다   인구 가장 많은 나라  두고 힘겨루기,World
1148,   ICBM 이동식 발사대 발사  첫 확인 킬체인에 걸림돌,World
1149, 첫 목표 달성했다 는 러시아  출구 전략  연막작전 ,World
1150,돈바스  러 연방 가입 시도 우크라  한국처럼 분단시키려 해 ,World
1151, 러시아  우크라이나를 한반도 처럼 분단 시도 ,World
1152,격앙된 러시아  바이든  약하고 아프고 불행   미국인 부끄러워해야 ,World
1153,탈레반  학교 이어 놀이동산마저 남녀 분리 명령 종합 ,World
1154,러  바이든 근처 르비우에  순항 미사일  발사 인정,World
1155,블링컨 미 국무  이란 핵무기 못 가질 것  중동 동맹 달래기,World
1156,한 포기에  만 천원 코로나  로 귀한 몸 된    배추 ,World
1157,미국  이란핵협상 타결 임박 확신없어 혁명수비대 제재는 유지  종합 ,World
1158,대만 특전부대 훈련 도중 영어로 의사소통   미국과 훈련  ,World
1159,러 연방 가입 시도에 우크라  한국처럼 분단시키려고  비판,World
1160,루한스크 공화국    곧 러시아 편입 주민투표 실시 ,World
1161, 단독   생존자 구조 엄두 못 내 러시아로 강제 이주도 ,World
1162,    명 전원 사망  중국 여객기  블랙박스 모두 회수,World
1163,  세 넘는  현역  확 늘렸다 정년 해법 된 일본 재고용,World
1164,슬픔 잠긴  영상  삭제      추락사고 유족 감시 통제 ,World
1165,영국  러  더 이상 침략 없다 약속 시 대러 제재 해제 ,World
1166, 러 포위에 마리우폴 시민들 굶어 죽었다  민간인 아사 발생   일만  종합 ,World
1167, 영상    외무장관  우크라 침공 완전 중단 시 러시아 제재 해제 가능   나우 어스 ,World
1168,영국 외무장관  러시아  완전한 휴전 철수 시 제재 해제 가능 ,World
1169,러  병사      만원 우크라 시민권 조건 탱크 들고 항복  나우 어스 ,World
1170,이젠 K웹툰 시대,World
1171, 유부녀 교수 강요에 성관계   명문대 뒤집은 제자의 소송,World
1172,외신도 청와대 이전 논란 조명  아이들 다툼 같아 ,World
1173,바이든이 폴란드서 푸틴 때릴 때  러 은 폴란드 접경 폭격,World
1174,  ICBM에  우려   년만에 입뗀 중국  되레 미국 저격했다,World
1175,    이르면 내주초   세 이상에  차 부스터샷 허용 계획 ,World
1176,  외무장관  러시아  전쟁 끝내면 제재 해제 가능 ,World
1177, 우크라 침공    외무장관  러시아  전쟁 끝내면 제재 해제 가능 ,World
1178,러시아  우크라 출구전략 들어갔나   전쟁 목표 조정  관측,World
1179, 자막뉴스     만 주면 큰 변화    우크라이나 대통령이 나토에 요구한 것,World
1180,바이든  우크라  장기화 구상   푸틴 교체  발언에 해석과 비판 쇄도,World
1181,젤렌스키  나토 보유 탱크 비행기   만 지원해 달라 ,World
1182, 러시아 첩자들 준동   거짓 정보 에 우크라 내 불안감 확산,World
1183,우크라에 암호화폐 기부 쇄도 한달 새    억원,World
1184,중국 vs 인도  세계  위 인구대국  어느 나라 ,World
1185,백악관  억만장자      소득세 내라 ,World
1186,   한국인 입국 검역 대폭 강화  사실상 오지 말라는 얘기 ,World
1187,젤렌스키  탱크  전투기 등 지원 기다리고만 있는 현실 한탄 ,World
1188,젤렌스키  나토 보유 탱크 비행기   만 지원해 달라 ,World
1189,바이든  푸틴은 학살자  권력 유지할 수 없어   러  당신이 결정할 사안 아냐 ,World
1190, 러에 포위  마리우폴 식량 식수 부족,World
1191,미 일  공조  과시한 기시다 이매뉴얼 푸틴  핵위협 에 공동 경고,World
1192,러 혼란한 틈 타 분쟁지역서 아르메니아 아제르바이잔 긴장 고조,World
1193,   추가 무기 지원   젤렌스키  나토 전투기 탱크   만 달라 ,World
1194,젤렌스키  나토  탱크 항공기   만 달라   일째 기다리는 중 ,World
1195,바이든      억원 이상 벌면 최소    는 세금으로 내야 ,World
1196,중국 추락 여객기 두번째 블랙박스 발견 모두 회수,World
1197, 슬픔에 초점 맞추지 말라     여객기 추락 보도 통제하고 유족 감시,World
1198, 속보       m서 수직 추락  여객기 두번째 블랙박스 발견 ,World
1199,중국 추락 여객기서 무슨 일이 블랙박스 추가 발견  글로벌  ,World
1200,우크라  러시아군  또 핵시설에 포격 피해 규모 추정 불가 ,World
1201, 우리가 더 많아    인도 세계 최다인구수 논란,World
1202, 러시아군  키이우 점령 또 실패 마리우폴은 장악 임박 ,World
1203,우크라에 암호화폐 기부 쇄도 한달 새    억원,World
1204,중국 vs 인도  세계  위 인구대국  어느 나라 ,World
1205,백악관  억만장자      소득세 내라 ,World
1206,   한국인 입국 검역 대폭 강화  사실상 오지 말라는 얘기 ,World
1207,젤렌스키  탱크  전투기 등 지원 기다리고만 있는 현실 한탄 ,World
1208,젤렌스키  나토 보유 탱크 비행기   만 지원해 달라 ,World
1209,바이든  푸틴은 학살자  권력 유지할 수 없어   러  당신이 결정할 사안 아냐 ,World
1210, 러에 포위  마리우폴 식량 식수 부족,World
1211,미 일  공조  과시한 기시다 이매뉴얼 푸틴  핵위협 에 공동 경고,World
1212,러 혼란한 틈 타 분쟁지역서 아르메니아 아제르바이잔 긴장 고조,World
1213,   추가 무기 지원   젤렌스키  나토 전투기 탱크   만 달라 ,World
1214,젤렌스키  나토  탱크 항공기   만 달라   일째 기다리는 중 ,World
1215,바이든      억원 이상 벌면 최소    는 세금으로 내야 ,World
1216,중국 추락 여객기 두번째 블랙박스 발견 모두 회수,World
1217, 슬픔에 초점 맞추지 말라     여객기 추락 보도 통제하고 유족 감시,World
1218, 속보       m서 수직 추락  여객기 두번째 블랙박스 발견 ,World
1219,중국 추락 여객기서 무슨 일이 블랙박스 추가 발견  글로벌  ,World
1220,우크라  러시아군  또 핵시설에 포격 피해 규모 추정 불가 ,World
1221, 우리가 더 많아    인도 세계 최다인구수 논란,World
1222, 러시아군  키이우 점령 또 실패 마리우폴은 장악 임박 ,World
1223,우크라에 암호화폐 기부 쇄도 한달 새    억원,World
1224,중국 vs 인도  세계  위 인구대국  어느 나라 ,World
1225,백악관  억만장자      소득세 내라 ,World
1226,   한국인 입국 검역 대폭 강화  사실상 오지 말라는 얘기 ,World
1227,젤렌스키  탱크  전투기 등 지원 기다리고만 있는 현실 한탄 ,World
1228,젤렌스키  나토 보유 탱크 비행기   만 지원해 달라 ,World
1229,바이든  푸틴은 학살자  권력 유지할 수 없어   러  당신이 결정할 사안 아냐 ,World
1230, 러에 포위  마리우폴 식량 식수 부족,World
1231,미 일  공조  과시한 기시다 이매뉴얼 푸틴  핵위협 에 공동 경고,World
1232,러 혼란한 틈 타 분쟁지역서 아르메니아 아제르바이잔 긴장 고조,World
1233,   추가 무기 지원   젤렌스키  나토 전투기 탱크   만 달라 ,World
1234,젤렌스키  나토  탱크 항공기   만 달라   일째 기다리는 중 ,World
1235,바이든      억원 이상 벌면 최소    는 세금으로 내야 ,World
1236,중국 추락 여객기 두번째 블랙박스 발견 모두 회수,World
1237, 슬픔에 초점 맞추지 말라     여객기 추락 보도 통제하고 유족 감시,World
1238, 속보       m서 수직 추락  여객기 두번째 블랙박스 발견 ,World
1239,중국 추락 여객기서 무슨 일이 블랙박스 추가 발견  글로벌  ,World
1240,우크라  러시아군  또 핵시설에 포격 피해 규모 추정 불가 ,World
1241, 우리가 더 많아    인도 세계 최다인구수 논란,World
1242, 러시아군  키이우 점령 또 실패 마리우폴은 장악 임박 ,World
1243,우크라에 암호화폐 기부 쇄도 한달 새    억원,World
1244,유엔 안보리  북한 ICBM 규탄 언론성명 채택 무산 중국 러시아 반대,World
1245,우크라 성인 남성     여성      러에 맞서 전투 참여 하겠다 ,World
1246, 여교수가 학회 데려가 방  개만 예약  그후    명문대 남학생 소송,World
1247,우크라 대통령  체르노빌 인근 도시  항복 안한다 ,World
1248, 헤어지기 싫었다    대 일본    전여친  수갑  채워 감금 성폭행,World
1249, 욱일기  G  도 쓴다   유튜브로 버젓이 왜곡 홍보 공분,World
1250,우크라이나군 선전     이면에 미군 도움 있었다,World
1251, 푸틴이 호통치자 심장마비  사라진 러시아  인자  건강이상설 ,World
1252,   푸틴 제거하는 방향으로    바이든  더 이상의 집권은 안돼 ,World
1253, 돈바스확보만 집중 러 발표에 우크라정부는  거짓말  일축,World
1254,바이든  러 정권 교체 시사  푸틴  권좌에 머물러선 안 돼 ,World
1255, 자막뉴스  바이든   푸틴 어떻게 생각   취재진 질문에   ,World
1256,러 정권교체 언급한 바이든 러시아  바이든이 결정할 사안 아냐 ,World
1257,바이든의  푸틴 권좌  발언 선 넘었나,World
1258, 영상  우크라              러에 맞서 전투 참여하겠다   나우 어스 ,World
1259, 러 침공에 죽어간다  중국어로 호소한 우크라인들,World
1260, 영상  젤렌스키  나토 소속 탱크 전투기 딱   만 달라   나우 어스 ,World
1261,바이든   러 전략적 실패  푸틴 계속 그 자리에 있어선 안 돼 ,World
1262,러시아  폴란드 국경 르비우 폭격  바이든에 보내는 메시지 ,World
1263,바이든  푸틴 권좌에 계속 있을 수 없다  발언에  러 강력 반발,World
1264,    여객기 사고 현장 봉쇄하고 유족 감시 단속  탑승자    명 전원 사망 발표,World
1265,코로나 이제 끝날까요  과학자들  더 나쁜 변이 나타난다 ,World
1266,바이든  푸틴 권좌에 있으면 안돼  처음으로 퇴진 요구,World
1267,바이든  푸틴 향해  이 사람 권좌 머물러선 안돼  백악관은 진화,World
1268,바이든  푸틴 퇴진 촉구    전 세계 긴 싸움 대비해야 ,World
1269,우크라이나 탈출한 고려인   명 한국으로 첫 집단 국내 입국,World
1270,  시노펙  러시아와 에너지 프로젝트 중단 제재 동참 신호탄 ,World
1271,바이든  러시아 정권교체 시사 러  바이든이 결정할 사안 아냐 ,World
1272, 특파원 시선  강 건너 이웃이 불도 꺼줄 것이라는 미망,World
1273,사우디 석유시설 공습한 예멘 반군    일간 정전  선언,World
1274,바이든  러 정권교체 시사  푸틴 권좌에 남아선 안돼 ,World
1275, 특파원 리포트  WFP 구호책임자 단독인터뷰  마리우폴 접근 힘들어 지원 절실 ,World
1276,소모전으로 가는 전쟁  푸틴은 언제 멈출까,World
1277,러군 하르키우 병원 이어 핵시설 포격 피해는 파악 안돼 종합 ,World
1278,바이든  푸틴은 권좌에 머물러선 안 돼   도살자  맹공,World
1279,러  우크라북부 체르니히우 집중포격   제 의 마리우폴  ,World
1280, 푸틴 학살자  권력 유지 안돼  바이든 말폭탄 곧장 발끈한 러,World
1281,바이든  푸틴  권좌에 있으면 안돼  미국  푸틴 제거 시사,World
1282,   여객기 수직 추락 닷새 만에  탑승자    명 전원 사망  공식  발표,World
1283, 영상  바이든  푸틴  권좌 계속 못 있어  정권교체 시사 러  바이든 씨 결정 사안 아냐   나우 어스 ,World
1284,    여객기 사고 현장 봉쇄하고 유족 감시 단속  탑승자    명 전원 사망 발표,World
1285,불가리아대통령   우크라전쟁 개입 안해  선언,World
1286,한국 휘발유 가격 세계 평균보다     높아 세계   번째 비싸,World
1287,러시아  전쟁  단계 끝났다  바이든  푸틴은 학살자 ,World
1288,애플따라 수만명 짐 쌌다   러시아 덮친  IT 두뇌 유출  공포,World
1289,러  바이든 방문 폴란드 국경 인근  르비우  공격,World
1290, 미사일이 필요했다   우크라이나가 러시아 침공 받은 이유는  박수찬의   ,World
1291,이번에도 말 실수      바이든 푸틴 축출 발언 해프닝,World
1292,우크라이나 서부 르비우 공습 러시아  공습 영상 잇따라 공개,World
1293,바이든  푸틴  권좌에 남을 수 없어  러  당신 결정 사안 아냐 ,World
1294,윤석열 당선 후 첫 한드 심의 통과 더 커지는 한한령 해제 기대감,World
1295,우크라 거센 반격에 당황한 러시아  승리 명분 얻으려 전쟁 목표 축소,World
1296,중  동방항공 추락사고 탑승객 전원 사망 ,World
1297, 우크라 침공  바이든  러 정권교체 시사 언급 러  당신 결정사안 아냐  종합 ,World
1298,바이든  푸틴은 학살자  권력 유지할 수 없다 ,World
1299, 하늘서 사람이     놀이공원서   세 소년 추락 충격,World
1300,블링컨 아랍권 순방  이란  우크라 관련 안보불안 무마,World
1301, 특파원 시선  소셜미디어의 새 과제 전쟁용 콘텐츠 규범 만들라,World
1302,바이든  러  전략적 실패 푸틴은 학살자 ,World
1303,바이든   대통령  푸틴 권좌에 있어선 안돼 자유 민주주의 지킬 거대한 싸움 시작됐다 ,World
1304,바이든  러 정권 교체 촉구    푸틴 권력 유지해선 안 돼 ,World
1305, 우크라 침공  바이든  나토 집단방위는 신성한 약속 푸틴은 학살자  종합 ,World
1306,뉴질랜드  코로나 이후 첫 국경 전면 개방 예고,World
1307, 우크라 침공   북부 체르니히우 러 공격에 완전히 파괴 ,World
1308,바이든  폴란드서  나토 집단방위 조항은 신성한 약속 ,World
1309,이라크 의회  대통령 선출 또 실패 친이란 정파 표결 보이콧,World
1310, 우크라 침공  폴란드 간 바이든  나토 집단방위 조항 신성한 약속 ,World
1311, 푸틴 암살이 유일한 해법    언론에 러시아  발끈 ,World
1312,우크라이나 외무장관  미국 추가 무기 지원 약속 ,World
1313,  정부    세이상  차 부스터샷 허용 계획 내주 FDA 승인 ,World
1314,푸틴 두고 바이든  도살자  우크라 난민들  맨손으로 목 졸라 죽일 준비 돼 있어 ,World
1315, 살면서 들었던  가장 큰 충격 소리였다     m 놀이기구서 튕겨 추락한   살 미 소년 사망,World
1316,WHO  러  우크라 침공 후 의료시설   차례 공격 ,World
1317,메드베데프 또 핵 위협  러  핵무기 사용 명확한 근거 있어 ,World
1318,러시아 디폴트  시한폭탄      월 최대 고비 ,World
1319,러  폴란드 접경도시 리비우 집중 공격,World
1320,  정부  러시아군에 기술 제공하는 러 기업들 제재 준비 ,World
1321, 푸틴 암살 당해야 전쟁 끝  발끈한 러    언론에 소송 제기,World
1322,바이든  나토 집단방위는 신성한 약속 푸틴은 학살자 ,World
1323, 우크라 침공  독 스트렐라 미사일 도착 영   억원어치 식량 지원,World
1324, 우크라 침공  WHO  의료시설 개전 후   건 공격 날로 증가 ,World
1325,젤렌스키 우크라 대통령  도하포럼  깜짝 연설    에너지 증산 호소,World
1326,유엔 안보리 대북 규탄성명 불발 추가제재 물 건너가나 ,World
1327, 속보   건강이상설 실각설  러 국방장관  보름만에 공개석상 등장,World
1328, 러 장악 우크라 남부 헤르손 자포리자 새 민군정부 구성 ,World
1329, 푸틴 격노  이후   실각설 돌던 러 국방장관  보름만에 등장,World
1330, 우크라 침공  건강이상설 돌던 러 국방장관  보름만에 공개석상 종합 ,World
1331,러  전쟁  단계 끝나  바이든  톈안먼의 제곱 ,World
1332,신장면화 사태  년 나이키 밀어낸  애국 소비 ,World
1333,유엔 안보리  북한 규탄 성명 무산 러시아 중국 반대,World
1334, 세계를 가다 전쟁에 우크라 밀 파종  반토막   식량난 도미노  시작,World
1335,중 러 반대에 유엔 안보리  북 ICBM 규탄 성명 무산,World
1336,우크라 대통령 도하포럼서  깜짝 연설    에너지 증산해달라 ,World
1337, 병사가 탱크로 지휘관에 돌진  사기저하 러    하극상 까지 벌어졌다,World
1338, 우크라 침공  젤렌스키 도하포럼  깜짝  연설 에너지 증산 호소,World
1339,G     공동대응 한목소리   우려 표명한 중 러 행보 관건,World
1340,WHO  러시아  우크라이나 침공 후 의료시설   차례 공격 ,World
1341, 스트렐라 미사일  우크라이나 도착  은   억원치 식량 지원,World
1342,미사일 공습 이어가는  러  수도 외곽 수복한  우크라  교착 상태 장기화되나 ,World
1343, 우크라 침공  독 스트렐라 미사일 도착 영   억원어치 식량 지원,World
1344, 우크라 침공  WHO  의료시설 개전 후   건 공격 날로 증가 ,World
1345,젤렌스키 우크라 대통령  도하포럼  깜짝 연설    에너지 증산 호소,World
1346,유엔 안보리 대북 규탄성명 불발 추가제재 물 건너가나 ,World
1347,고전 중인 러시아군  돈바스 집중  전략수정  연막작전 ,World
1348,중 러  미국 책임  반대 안보리  북 ICBM 규탄성명 무산,World
1349, 우크라 헤르손 자포리자에 새 민군정부   러 루블화 쓰기도 ,World
1350, 속보  푸틴 최측근  핵 충돌 위험 항상 존재  위협,World
1351, 러 국방장관  푸틴이  버럭 하자 심장마비 왔다  주장 나와,World
1352,또 핵 위협 푸틴 최측근  핵 충돌 위험 항상 존재 ,World
1353,푸틴 최측근 메드베데프 또  언급  핵 충돌 위험 항상 존재 ,World
1354,   러  우크라 주요 도시 여전히 포위 중화기 공격 지속  분석,World
1355,병사가 탱크로 지휘관을 흔들리는 러  돈바스만 집중 ,World
1356, 접촉자 한명 때문에 박람회장   만명  봉쇄   년간  제로 코로나 에 중국인 피로감 폭발,World
1357, 우크라 침공  메드베데프 또 핵 위협  핵 충돌 위험 항상 존재 ,World
1358, 저 여자 누구냐  박근혜 경호원   서 난리났다,World
1359, 서방  개 에너지기업      년 이후 러에 세금 등   조 지불 ,World
1360,유엔 안보리    규탄성명 채택 무산 중국 러시아 반대,World
1361, 이러다  인류 종말  올라  툭하면  핵무기 카드  꺼내는  적반하장  러시아,World
1362,    m 낙하  놀이기구 타다 튕겨져 미   살 소년 사망,World
1363,중국 상하이  오미크론 확산에도  정밀방역  고수 찬반논쟁,World
1364,러 국방장관  실각설     푸틴 격노 후 심근경색  치료 중 ,World
1365,러시아   단계 작전 완료   우크라 전쟁 어떻게 흐를까,World
1366, 우크라 침공 완전 실패  푸틴 격노에 심근경색 사라진 러 국방장관,World
1367, 아브라모비치  바이든과 우크라  협상차 폴란드 입국 ,World
1368,우크라군  키이우 하르키우 돈바스 등서 러군 격퇴 ,World
1369, 저 멋진 사람 누구냐  소주병 막은 박근혜 경호원   서도 화제,World
1370,필리핀  탈 화산  폭발 주민 수천명에 대피령,World
1371,우크라   러 국방장관 푸틴 격노 후 심근경색  주장,World
1372, 우크라 침공   신문  러 군부 지도부  미국 전화 계속 안받아 ,World
1373,필리핀 탈 화산 분출   주민 수천 명에 대피령,World
1374,러시아  우주 로켓에도 침공 지지 상징  Z 표식 ,World
1375,눈동자도 못 움직이던 루게릭 환자  뇌에 칩 심고  아들 사랑해 ,World
1376, 돈바스에 집중   당황한 러시아  전쟁 목표 축소했다,World
1377,우크라 국경 온 바이든  중국 천안문사태 떠올라 푸틴은 범죄자 ,World
1378,터키 대통령  젤렌스키와 통화  러 우 협상 관련 논의 ,World
1379,봉쇄 피한   경제수도  왜 이곳만   찬반논쟁,World
1380,밤마다 달리는  V 표식  유령버스  목격자가 전하는 참상,World
1381, 바이든   핵위협에만 핵사용  공약 폐기  동맹에 핵우산 강화,World
1382,전우 사망에 분노한 러 병사 탱크 타고 지휘관 향해  돌진 ,World
1383, 우크라 반격 성공하나  러  돈바스 분리 독립으로 목표 축소 종합 ,World
1384,     m 수직낙하  여객기 미스터리    전문가  기체이상 가능성 ,World
1385,바이든  유럽 순방 마지막 날 폴란드서  중대 연설 ,World
1386, 러시아  끝내 화학무기 쓴다면 산업재해로 위장 가능성 ,World
1387,미 국방부  러군  키이우 진격 중단한 듯 돈바스 집중 ,World
1388, 돈바스로 간다  러   전략 바꿨다  한계인정  속임수  숨은 뜻은,World
1389,생각처럼 안 풀리는 침공  푸틴   월  일 전  종전 선언  할 것 ,World
1390, 수직 추락   여객기 사고 원인은  기체이상  가능성 ,World
1391,    m 수직낙하   여객기 사고  원인 기체 이상 가능성 ,World
1392, 눈귀 막았나  푸틴 때문에 모두 죽겠다는데  러 국민      대통령 잘하고 있다 ,World
1393,러시아  돈바스 집중  동시다발적 도시 공세 전략 수정한 듯,World
1394,러 국방부  우크라 침공  단계 목표 달성 돈바스 분리 독립에 집중 ,World
1395, 전문가  중국 여객기 추락사고 원인 기체이상 가능성 ,World
1396,바이든 미대통령  푸틴은 전범 ,World
1397,     m 높이 놀이기구서   대  탑승객 추락 결국 사망,World
1398, World Now 영상  필리핀  탈 화산  또 분출  쓰나미 우려 ,World
1399,필리핀  탈 화산  폭발 인근 주민 수천명에 대피령,World
1400, 탱크 돌진해 지휘관 살해  하극상 벌어지는 러 ,World
1401,필리핀  탈 화산  또 분출 재해 당국  주민 수천명에 대피령,World
1402,푸틴   월 일까지  종전 선언  할까  이날은 무슨 날 ,World
1403, 러시아 때문에    주식 채권   패닉 셀링 에 자금 유출 거셌다,World
1404, 하루하루가 사형 선고  이들이  안락사  원하는 이유는  dot보기 ,World
1405,G     공동대응 한목소리   우려 표명한 중 러 행보 관건,World
1406,  ICBM 기술에   방어체계  구멍  우려,World
1407,러  군사위성 탑재한 로켓에  침공상징  Z표식 붙여 발사 영상 ,World
1408, 우크라 침공  러 화학무기 쓴다면  염소가스 등 공격 뒤 산재 위장 ,World
1409, 푸틴 때문에  사격장 향하는 폴란드인들  영상 ,World
1410,푸틴  러시아 예술계  손절  당하자  J K  롤링처럼 배척당해 ,World
1411, 북한 미사일 전력 세계  위 벤 디펜 전 국무부 수석부차관보,World
1412,미  대러 극약처방  세컨더리 제재  확대 검토,World
1413,출구 없는  제로 코로나 에 커지는 피로감 시험대 오른 중국,World
1414, 속보   푸틴   월  일  종전 선언  계획중  전세 뒤바뀌나,World
1415,폴란드 군부대 방문 바이든  우크라의 전쟁은 천안문 사건의 제곱 ,World
1416, 에로 대국 소리를 들어야 하나  일본 국회의원의 한탄,World
1417, 저 멋진 언니 누구     박근혜 소주병 막은   경호원  서도 화제,World
1418,사우디 연합군  예맨 반군 폭격에게 보복 공격 가해,World
1419,우크라  러 국방장관  푸틴 호통 듣고 심장마비 병원 치료중 ,World
1420, 대만은 지금   무자비한 외교부  대만 외교부  중국을  서대만 으로 암시,World
1421,전쟁 고전하는 러  돈바스 집중  전략실패 시인 ,World
1422,푸틴   월 일까지  종전 선언  할까  이날은 무슨 날 ,World
1423,체면치레 나선 러시아   우크라 목표 재설정  발표,World
1424,중국 석유기업 시노펙  러시아 에너지 프로젝트 중단,World
1425,푸틴  핵무기 경계 태세 강화  명령 러시아 핵잠수함 대서양 등장,World
1426,러시아  우리군     명 전사  vs 우크라이나  러시아군  만    명 사망 ,World
1427, 영상  탱크로 대령 들이받았다  사기 떨어진 러시아군 하극상,World
1428, 분노한 러시아 병사  탱크로  상관  살해   하극상  발생 보도 나와,World
1429,뉴욕증시  러 화학공격 금리인상 우려에 혼조   나스닥        상보 ,World
1430,러  돈바스 집중    고전  탓에 전략 수정 ,World
1431,우크라  비행장 포격해 러시아 장군 사살 일곱번째 ,World
1432, 폴란드 부대 깜짝 방문  바이든  우크라 침공  톈안먼의 두배 수준 ,World
1433, 푸틴  측근에 암살당한다면 전쟁 끝날텐데  이탈리아 언론에 뿔난 러시아  법적 소송,World
1434,화난 러시아 병사  탱크로 상관 살해  하극상  보도 나와,World
1435, 우크라 침공  전략수정  실패인정  고전하는 러  돈바스 집중 ,World
1436,우크라  러시아 바그너 그룹  젤렌스키 암살 음모 연루 ,World
1437,바이든  우크라이나에 미군 투입 실언,World
1438,김정은 노렸나  ICBM 파격 영상  톰 크루즈 스타일  외신 발칵,World
1439, 푸틴 암살이 유일 해법    언론에 뿔난 러시아,World
1440,미  더 많은 도발 있을 것  북 중 러 밀착에 고심,World
1441,한 달 넘게 고전하는 러시아  전략 수정   돈바스 집중 ,World
1442, 전문가    당선인  대중관계 중시 대중정책 변화 있을 것 ,World
1443,미  대러 극약처방  세컨더리 제재  확대 검토,World
1444, 러시아 관계 유지한다더니    시노펙  에너지 프로젝트 중단,World
1445,중국 러시아 반대에 유엔 안보리   ICBM 규탄 언론성명 무산,World
1446,UN 고위관리  시진핑 우크라 전쟁 중단시키면 노벨상 받을 것 ,World
1447,반격당하는 러시아   돈바스 완전 장악 으로 전략 수정,World
1448,   러 극약처방  세컨더리 제재  확대 검토   기업은 몸사려,World
1449,  ICBM 발사에 UN안보리 개최    제재 강화  vs    반대 ,World
1450,EU   개 회원국  가스 공동구매 합의  러시아 의존도 낮춘다 ,World
1451, 자막뉴스  러시아 침공이 불러온 기근  전세계  식량 위기  임박했다,World
1452,우크라군  되레 전차 수가 늘었다      러시아 무기 노획이 아군 측 손실보다 많다 ,World
1453,알랭 들롱의 선택은  안락사 가 아니다  dot보기 ,World
1454,바이든  러 G   퇴출  내 대답은 예스  화학무기 쓰면 대응 ,World
1455, 우크라 대통령   아카데미 시상식 출연 협의중 ,World
1456,중국도 러 제재 동참하나 시노펙 러 벤처사업 취소 상보 ,World
1457,뉴욕증시  우크라 지정학적 위기 긴축 우려에 혼조 다우       ,World
1458,UN 관계자  시진핑  러 우 전쟁 중단시키면 노벨상 받을 것 ,World
1459,G     공동대응 촉구   중 러  ICBM 발사에 우려 표명,World
1460,안보리  북 ICBM 규탄 언론성명 불발 중 러 반대,World
1461,젤렌스키  전쟁 시작 후 러   만    명 이상 사망 ,World
1462, 전문가    당선인  대중관계 중시 대중정책 변화 있을 것 ,World
1463,미  대러 극약처방  세컨더리 제재  확대 검토,World
1464, 러시아 관계 유지한다더니    시노펙  에너지 프로젝트 중단,World
1465,중국 러시아 반대에 유엔 안보리   ICBM 규탄 언론성명 무산,World
1466,UN 고위관리  시진핑 우크라 전쟁 중단시키면 노벨상 받을 것 ,World
1467,반격당하는 러시아   돈바스 완전 장악 으로 전략 수정,World
1468,   러 극약처방  세컨더리 제재  확대 검토   기업은 몸사려,World
1469,  ICBM 발사에 UN안보리 개최    제재 강화  vs    반대 ,World
1470, 영상  당나라 군대   러  지휘관   하극상  탱크에 치어 사망   나우 어스 ,World
1471,러 핵무기에   ICBM까지       핵 선제사용 금지  폐기 ,World
1472,안보리 추가 제재 논의 북한 대사  개의치 않는다 ,World
1473,바이든  우크라 국경 방문  푸틴은 전쟁범죄자 ,World
1474, 미국과 장기적 대결 철저 준비 용감히 쏘라 ,World
1475,대북 제재 강화 논의 착수  ICBM 발사 규탄 ,World
1476, 중국은  왜    ICBM 정국 리셋  항모는 리콜 중,World
1477, 특파원 시선   우크라 관심 십분 이해 미얀마도 잊지 말아주길 ,World
1478, 한국경제  벽에 부딪혀   곧 대만에 따라 잡힌다   언론 보도,World
1479, 우크라 침공    일 러   침공 명분  돈바스로 전략 수정 ,World
1480,러시아  군사작전 첫 단계 끝났다     서방  전략 실패 ,World
1481,유엔 안보리   ICBM 규탄 언론성명 채택 무산   러 반대 종합 보 ,World
1482, 우크라 침공  EU    개 회원국이 가스 공동구매한다  가격협상력  ,World
1483,바이든  푸틴은 전범  재확인   폴란드 방문,World
1484,만리장성  평양까지 쑤욱    황당 역사왜곡 반크의 반격,World
1485,  러    제재 완화  vs    나쁜 행동 보상 안 돼  안보리 설전,World
1486,우크라  마리우폴 극장 사망자 약    명  러시아  돈바스 보호 위해 우크라이나 전역 공격 ,World
1487,마크롱  푸틴의  루블화 결제 방침 에  적용해야 할 이유 없어 ,World
1488,러  우크라 철수 전조   돈바스 사수에 집중할 것 ,World
1489, 전기차주 혼조  리비안     니콜라     테슬라 보합 종합 ,World
1490, EU 문제아  폴란드  우크라 사태 계기로 EU와 관계 회복할까,World
1491, 한국이 일본 이긴 결정적 이유   대만  반도체 대부 가 밝힌 비밀,World
1492, 인터뷰   일자리 늘고 빈곤율은  사상 최저      숨은 진주 필리핀에 주목해야 ,World
1493, 우크라 침공  흔들리는 러시아군  하극상 탱크에 치인 지휘관 숨져 ,World
1494, 러시아 도울까   에 쏠리는 눈  EU  IT기기 제공할 가능성 ,World
1495, 푸틴 암살이 유일 해법  이탈리아 보도에 발끈한 러,World
1496,러  우크라 동부 돈바스 지역에 집중 ,World
1497, 바이든   핵위협에만 핵사용  공약 폐기    동맹에 핵우산 강화,World
1498, 제재 완화  vs  나쁜 행동 보상 안 돼  안보리서   ICBM 공개 설전 종합 ,World
1499,시진핑  윤 당선인과 통화   새 정부에  기대 우려 ,World
1500,러군  하극상까지  부대원이 탱크로 지휘관 치어 살해 ,World
1501,테라 매집 루머 러시아 비트코인 결제  이틀 연속 상승 상보 ,World
1502,러 조지아 주둔 병력 우크라에 합류   키이우에서는 수세 전환,World
1503,러시아 디폴트  시한폭탄      월 최대 고비 ,World
1504,   시간만에   과학원  제재   은 전투기 띄워 추적,World
1505,우크라  터키   협상 진전  반박  합의된 것 없어 ,World
1506,러 원유 가스 제재에   유럽 지원하는 가스 마셜플랜 필요 ,World
1507,미 EU  러 에너지 퇴출 적극 추진   실효성은 글쎄 ,World
1508,시민파티 여는 마크롱 엘리제궁     만  요새 속 시진핑 집무실 글로벌 포커스 ,World
1509,폴란드 대통령 만난 바이든  다시금 푸틴 겨냥  전범 ,World
1510, 우크라 침공     대러시아 극약처방  세컨더리 제재  확대 검토,World
1511,러  전사자      명  핵심 목표는 돈바스  미묘한 기류 변화,World
1512, 우크라 침공  헝가리 총리  젤렌스키 대통령 호소 거절,World
1513,러시아군  우크라서 러 군인     명 사망  단계 임무 대체로 완성 ,World
1514,덴마크  학교 수업 정상화    마스크 안 써요 ,World
1515,러 국방부  우크라군  만     명 사망   단계 작전 완수 ,World
1516, 우크라이나 인구     피란길    크로아티아도 난민 돕기 동참,World
1517,우크라이나  러시아 별들의 무덤 되어가는 중,World
